Средство;Широта;Долгота
09 08:55:23  ;  55.568163333 ;  38.127266667  
09 08:55:29  ;  55.568153333 ;  38.127275  
09 08:55:34  ;  55.568156667 ;  38.127273333  
09 08:55:39  ;  55.568145 ;  38.127268333  
09 08:55:44  ;  55.56814 ;  38.127263333  
09 08:55:49  ;  55.568136667 ;  38.127256667  
09 08:55:54  ;  55.568133333 ;  38.12725  
09 08:55:59  ;  55.56813 ;  38.127243333  
09 08:56:04  ;  55.568126667 ;  38.127236667  
09 08:56:09  ;  55.568125 ;  38.12723  
09 08:56:14  ;  55.568121667 ;  38.127223333  
09 08:56:19  ;  55.56812 ;  38.127216667  
09 08:56:24  ;  55.56812 ;  38.127211667  
09 08:56:29  ;  55.568116667 ;  38.127206667  
09 08:56:34  ;  55.568115 ;  38.127201667  
09 08:56:39  ;  55.568115 ;  38.127196667  
09 08:56:44  ;  55.568113333 ;  38.127191667  
09 08:56:49  ;  55.568113333 ;  38.127188333  
09 08:56:54  ;  55.568113333 ;  38.127183333  
09 08:56:59  ;  55.568111667 ;  38.12718  
09 08:57:04  ;  55.568111667 ;  38.127176667  
09 08:57:09  ;  55.568111667 ;  38.127175  
09 08:57:14  ;  55.568111667 ;  38.127173333  
09 08:57:19  ;  55.568111667 ;  38.127171667  
09 08:57:24  ;  55.568113333 ;  38.127168333  
09 08:57:29  ;  55.568113333 ;  38.127166667  
09 08:57:34  ;  55.568113333 ;  38.127165  
09 08:57:39  ;  55.568113333 ;  38.127163333  
09 08:57:44  ;  55.568113333 ;  38.127161667  
09 08:57:49  ;  55.568113333 ;  38.127158333  
09 08:57:54  ;  55.56811 ;  38.127153333  
09 08:57:59  ;  55.568105 ;  38.127148333  
09 08:58:04  ;  55.568101667 ;  38.127143333  
09 08:58:09  ;  55.568098333 ;  38.12714  
09 08:58:14  ;  55.568096667 ;  38.127135  
09 08:58:19  ;  55.568091667 ;  38.12713  
09 08:58:24  ;  55.568096667 ;  38.12713  
09 08:58:29  ;  55.568101667 ;  38.127128333  
09 08:58:34  ;  55.568105 ;  38.127128333  
09 08:58:39  ;  55.568106667 ;  38.127126667  
09 08:58:44  ;  55.56811 ;  38.127126667  
09 08:58:49  ;  55.568111667 ;  38.127125  
09 08:58:54  ;  55.568113333 ;  38.127123333  
09 08:58:59  ;  55.568113333 ;  38.127123333  
09 08:59:04  ;  55.568115 ;  38.127123333  
09 08:59:09  ;  55.568116667 ;  38.127121667  
09 08:59:14  ;  55.568118333 ;  38.127121667  
09 08:59:19  ;  55.568118333 ;  38.12712  
09 08:59:24  ;  55.568118333 ;  38.127118333  
09 08:59:29  ;  55.568118333 ;  38.127118333  
09 08:59:34  ;  55.568118333 ;  38.127116667  
09 08:59:39  ;  55.568118333 ;  38.127115  
09 08:59:44  ;  55.568118333 ;  38.127113333  
09 08:59:49  ;  55.568116667 ;  38.127113333  
09 08:59:54  ;  55.568116667 ;  38.127111667  
09 08:59:59  ;  55.568116667 ;  38.12711  
09 09:00:04  ;  55.568116667 ;  38.12711  
09 09:00:09  ;  55.568116667 ;  38.127108333  
09 09:00:14  ;  55.568115 ;  38.127108333  
09 09:00:19  ;  55.568108333 ;  38.127103333  
09 09:00:24  ;  55.568098333 ;  38.127098333  
09 09:00:29  ;  55.568096667 ;  38.127098333  
09 09:00:34  ;  55.568095 ;  38.127095  
09 09:00:39  ;  55.56809 ;  38.127091667  
09 09:00:44  ;  55.568085 ;  38.127088333  
09 09:00:49  ;  55.56808 ;  38.127085  
09 09:00:54  ;  55.568076667 ;  38.127081667  
09 09:00:59  ;  55.568075 ;  38.12708  
09 09:01:04  ;  55.568075 ;  38.127078333  
09 09:01:09  ;  55.568076667 ;  38.127076667  
09 09:01:14  ;  55.568076667 ;  38.127076667  
09 09:01:19  ;  55.568075 ;  38.127075  
09 09:01:24  ;  55.568073333 ;  38.127073333  
09 09:01:29  ;  55.568071667 ;  38.127071667  
09 09:01:34  ;  55.56807 ;  38.12707  
09 09:01:39  ;  55.568068333 ;  38.127068333  
09 09:01:44  ;  55.568066667 ;  38.127066667  
09 09:01:49  ;  55.568063333 ;  38.127066667  
09 09:01:54  ;  55.568061667 ;  38.127066667  
09 09:01:59  ;  55.568061667 ;  38.127066667  
09 09:02:04  ;  55.56806 ;  38.127066667  
09 09:02:09  ;  55.568063333 ;  38.12707  
09 09:02:14  ;  55.568065 ;  38.127075  
09 09:02:19  ;  55.568065 ;  38.127076667  
09 09:02:24  ;  55.568065 ;  38.127078333  
09 09:02:29  ;  55.568063333 ;  38.12708  
09 09:02:34  ;  55.568063333 ;  38.127083333  
09 09:02:39  ;  55.568063333 ;  38.127085  
09 09:02:44  ;  55.568063333 ;  38.127086667  
09 09:02:49  ;  55.568061667 ;  38.127088333  
09 09:02:54  ;  55.568063333 ;  38.12709  
09 09:02:59  ;  55.568063333 ;  38.127091667  
09 09:03:04  ;  55.568063333 ;  38.127093333  
09 09:03:09  ;  55.568061667 ;  38.127093333  
09 09:03:14  ;  55.568065 ;  38.127095  
09 09:03:19  ;  55.568066667 ;  38.127098333  
09 09:03:24  ;  55.568068333 ;  38.127101667  
09 09:03:29  ;  55.56807 ;  38.127101667  
09 09:03:34  ;  55.568071667 ;  38.127101667  
09 09:03:39  ;  55.568071667 ;  38.127101667  
09 09:03:41  ;  55.568071667 ;  38.127101667  
09 09:03:46  ;  55.568065 ;  38.1271  
09 09:03:51  ;  55.568063333 ;  38.127106667  
09 09:03:56  ;  55.568058333 ;  38.12711  
09 09:04:01  ;  55.568053333 ;  38.12711  
09 09:04:06  ;  55.568045 ;  38.12711  
09 09:04:11  ;  55.568036667 ;  38.127106667  
09 09:04:16  ;  55.568028333 ;  38.127103333  
09 09:04:21  ;  55.568026667 ;  38.127103333  
09 09:04:26  ;  55.568026667 ;  38.127103333  
09 09:04:31  ;  55.568026667 ;  38.127103333  
09 09:04:36  ;  55.568028333 ;  38.127103333  
09 09:04:41  ;  55.568028333 ;  38.127103333  
09 09:04:46  ;  55.56803 ;  38.127103333  
09 09:04:51  ;  55.56803 ;  38.127103333  
09 09:04:56  ;  55.56803 ;  38.127103333  
09 09:05:01  ;  55.568028333 ;  38.127103333  
09 09:05:06  ;  55.568028333 ;  38.127105  
09 09:05:11  ;  55.568028333 ;  38.127105  
09 09:05:16  ;  55.568026667 ;  38.127105  
09 09:05:21  ;  55.568026667 ;  38.127105  
09 09:05:26  ;  55.568025 ;  38.127103333  
09 09:05:31  ;  55.568023333 ;  38.127103333  
09 09:05:36  ;  55.568023333 ;  38.127105  
09 09:05:41  ;  55.568023333 ;  38.127105  
09 09:05:46  ;  55.568068333 ;  38.127156667  
09 09:05:51  ;  55.568113333 ;  38.127208333  
09 09:05:56  ;  55.568113333 ;  38.127208333  
09 09:06:01  ;  55.568111667 ;  38.127208333  
09 09:06:06  ;  55.56811 ;  38.127206667  
09 09:06:11  ;  55.568105 ;  38.127205  
09 09:06:16  ;  55.568101667 ;  38.1272  
09 09:06:21  ;  55.568098333 ;  38.127195  
09 09:06:26  ;  55.568096667 ;  38.127191667  
09 09:06:31  ;  55.568096667 ;  38.12719  
09 09:06:36  ;  55.5681 ;  38.12719  
09 09:06:41  ;  55.5681 ;  38.127188333  
09 09:06:46  ;  55.568098333 ;  38.127185  
09 09:06:51  ;  55.568096667 ;  38.12718  
09 09:06:56  ;  55.568095 ;  38.127176667  
09 09:07:01  ;  55.568096667 ;  38.127175  
09 09:07:06  ;  55.568096667 ;  38.127176667  
09 09:07:11  ;  55.568096667 ;  38.127176667  
09 09:07:16  ;  55.568096667 ;  38.127176667  
09 09:07:21  ;  55.568096667 ;  38.127176667  
09 09:07:26  ;  55.568096667 ;  38.127176667  
09 09:07:31  ;  55.568098333 ;  38.127176667  
09 09:07:36  ;  55.568098333 ;  38.127176667  
09 09:07:41  ;  55.5681 ;  38.127176667  
09 09:07:46  ;  55.568095 ;  38.127171667  
09 09:07:51  ;  55.568091667 ;  38.127166667  
09 09:07:56  ;  55.568088333 ;  38.127161667  
09 09:08:01  ;  55.568086667 ;  38.127158333  
09 09:08:06  ;  55.568085 ;  38.127155  
09 09:08:11  ;  55.568085 ;  38.127151667  
09 09:08:16  ;  55.568083333 ;  38.12715  
09 09:08:21  ;  55.568083333 ;  38.127146667  
09 09:08:26  ;  55.568083333 ;  38.127143333  
09 09:08:31  ;  55.568083333 ;  38.127141667  
09 09:08:36  ;  55.568121667 ;  38.127205  
09 09:08:41  ;  55.568116667 ;  38.127201667  
09 09:08:46  ;  55.56811 ;  38.127195  
09 09:08:51  ;  55.568106667 ;  38.12719  
09 09:08:56  ;  55.568103333 ;  38.127185  
09 09:09:01  ;  55.568101667 ;  38.12718  
09 09:09:06  ;  55.5681 ;  38.127175  
09 09:09:11  ;  55.568098333 ;  38.127171667  
09 09:09:16  ;  55.568096667 ;  38.127166667  
09 09:09:21  ;  55.568096667 ;  38.127163333  
09 09:09:26  ;  55.568095 ;  38.12716  
09 09:09:31  ;  55.568095 ;  38.127156667  
09 09:09:36  ;  55.568093333 ;  38.127155  
09 09:09:41  ;  55.568093333 ;  38.127151667  
09 09:09:46  ;  55.568093333 ;  38.12715  
09 09:09:51  ;  55.568091667 ;  38.127148333  
09 09:09:56  ;  55.568095 ;  38.127148333  
09 09:10:01  ;  55.568098333 ;  38.12715  
09 09:10:06  ;  55.5681 ;  38.127151667  
09 09:10:11  ;  55.568101667 ;  38.127151667  
09 09:10:16  ;  55.568103333 ;  38.127155  
09 09:10:21  ;  55.568103333 ;  38.127151667  
09 09:10:26  ;  55.56809 ;  38.127031667  
09 09:10:31  ;  55.568048333 ;  38.126766667  
09 09:10:36  ;  55.568008333 ;  38.12642  
09 09:10:41  ;  55.567971667 ;  38.126063333  
09 09:10:46  ;  55.567938333 ;  38.125703333  
09 09:10:51  ;  55.567928333 ;  38.125366667  
09 09:10:56  ;  55.567905 ;  38.124991667  
09 09:11:01  ;  55.567886667 ;  38.124591667  
09 09:11:06  ;  55.567851667 ;  38.124173333  
09 09:11:11  ;  55.56782 ;  38.123733333  
09 09:11:16  ;  55.567801667 ;  38.123315  
09 09:11:21  ;  55.567785 ;  38.12292  
09 09:11:26  ;  55.567776667 ;  38.122565  
09 09:11:31  ;  55.567771667 ;  38.122436667  
09 09:11:36  ;  55.56777 ;  38.12244  
09 09:11:41  ;  55.567768333 ;  38.122445  
09 09:11:46  ;  55.567763333 ;  38.122448333  
09 09:11:51  ;  55.567763333 ;  38.122455  
09 09:11:56  ;  55.567763333 ;  38.122461667  
09 09:12:01  ;  55.567766667 ;  38.122466667  
09 09:12:06  ;  55.567768333 ;  38.12247  
09 09:12:11  ;  55.56777 ;  38.122471667  
09 09:12:16  ;  55.56777 ;  38.122473333  
09 09:12:21  ;  55.567771667 ;  38.122473333  
09 09:12:26  ;  55.567773333 ;  38.122475  
09 09:12:31  ;  55.567773333 ;  38.122476667  
09 09:12:36  ;  55.567773333 ;  38.122476667  
09 09:12:41  ;  55.567775 ;  38.122476667  
09 09:12:46  ;  55.567776667 ;  38.122476667  
09 09:12:51  ;  55.567778333 ;  38.122471667  
09 09:12:56  ;  55.567781667 ;  38.122471667  
09 09:13:01  ;  55.567783333 ;  38.12247  
09 09:13:06  ;  55.567783333 ;  38.122468333  
09 09:13:11  ;  55.567783333 ;  38.122471667  
09 09:13:16  ;  55.567781667 ;  38.122475  
09 09:13:21  ;  55.567778333 ;  38.122478333  
09 09:13:26  ;  55.567778333 ;  38.122483333  
09 09:13:31  ;  55.567776667 ;  38.122486667  
09 09:13:36  ;  55.567776667 ;  38.12249  
09 09:13:41  ;  55.567776667 ;  38.122493333  
09 09:13:46  ;  55.567776667 ;  38.122496667  
09 09:13:51  ;  55.567776667 ;  38.122498333  
09 09:13:56  ;  55.567776667 ;  38.1225  
09 09:14:01  ;  55.567778333 ;  38.122501667  
09 09:14:06  ;  55.567778333 ;  38.1225  
09 09:14:11  ;  55.567778333 ;  38.122498333  
09 09:14:16  ;  55.567781667 ;  38.122501667  
09 09:14:21  ;  55.567785 ;  38.122501667  
09 09:14:26  ;  55.567786667 ;  38.122501667  
09 09:14:31  ;  55.567788333 ;  38.122498333  
09 09:14:36  ;  55.567785 ;  38.122495  
09 09:14:41  ;  55.567783333 ;  38.122488333  
09 09:14:46  ;  55.567778333 ;  38.122483333  
09 09:14:51  ;  55.567786667 ;  38.122486667  
09 09:14:56  ;  55.567786667 ;  38.122486667  
09 09:15:01  ;  55.567786667 ;  38.122486667  
09 09:15:06  ;  55.567791667 ;  38.122485  
09 09:15:11  ;  55.567788333 ;  38.122486667  
09 09:15:16  ;  55.567786667 ;  38.122486667  
09 09:15:21  ;  55.567788333 ;  38.122486667  
09 09:15:26  ;  55.567788333 ;  38.122486667  
09 09:15:31  ;  55.567785 ;  38.122486667  
09 09:15:36  ;  55.567785 ;  38.122486667  
09 09:15:41  ;  55.567785 ;  38.122486667  
09 09:15:46  ;  55.567783333 ;  38.122486667  
09 09:15:51  ;  55.567778333 ;  38.122488333  
09 09:15:56  ;  55.567776667 ;  38.122465  
09 09:16:01  ;  55.567775 ;  38.122343333  
09 09:16:06  ;  55.567771667 ;  38.12218  
09 09:16:11  ;  55.567766667 ;  38.121975  
09 09:16:16  ;  55.567756667 ;  38.121743333  
09 09:16:21  ;  55.567745 ;  38.121525  
09 09:16:26  ;  55.567723333 ;  38.121328333  
09 09:16:31  ;  55.567673333 ;  38.121148333  
09 09:16:36  ;  55.567625 ;  38.121041667  
09 09:16:41  ;  55.567558333 ;  38.121006667  
09 09:16:46  ;  55.567478333 ;  38.121015  
09 09:16:51  ;  55.567363333 ;  38.121103333  
09 09:16:56  ;  55.567223333 ;  38.121305  
09 09:17:01  ;  55.5671 ;  38.12153  
09 09:17:06  ;  55.566971667 ;  38.121765  
09 09:17:11  ;  55.566811667 ;  38.122078333  
09 09:17:16  ;  55.566616667 ;  38.12246  
09 09:17:21  ;  55.566418333 ;  38.122843333  
09 09:17:26  ;  55.566215 ;  38.123235  
09 09:17:31  ;  55.566015 ;  38.123628333  
09 09:17:36  ;  55.565815 ;  38.124006667  
09 09:17:41  ;  55.565635 ;  38.124405  
09 09:17:46  ;  55.565435 ;  38.124808333  
09 09:17:51  ;  55.56524 ;  38.125218333  
09 09:17:56  ;  55.565053333 ;  38.125615  
09 09:18:01  ;  55.564851667 ;  38.126025  
09 09:18:06  ;  55.564653333 ;  38.12644  
09 09:18:11  ;  55.564453333 ;  38.126853333  
09 09:18:16  ;  55.564248333 ;  38.127261667  
09 09:18:21  ;  55.564041667 ;  38.127678333  
09 09:18:26  ;  55.563788333 ;  38.128186667  
09 09:18:31  ;  55.563371667 ;  38.129023333  
09 09:18:36  ;  55.562675 ;  38.130396667  
09 09:18:41  ;  55.561693333 ;  38.132348333  
09 09:18:46  ;  55.560411667 ;  38.134896667  
09 09:18:51  ;  55.55888 ;  38.137963333  
09 09:18:56  ;  55.557133333 ;  38.141475  
09 09:19:01  ;  55.555173333 ;  38.145358333  
09 09:19:06  ;  55.55308 ;  38.149523333  
09 09:19:11  ;  55.550866667 ;  38.153943333  
09 09:19:16  ;  55.548551667 ;  38.158568333  
09 09:19:21  ;  55.546128333 ;  38.163326667  
09 09:19:26  ;  55.54369 ;  38.168221667  
09 09:19:31  ;  55.541223333 ;  38.173165  
09 09:19:36  ;  55.538815 ;  38.177998333  
09 09:19:41  ;  55.536435 ;  38.182971667  
09 09:19:46  ;  55.533898333 ;  38.188358333  
09 09:19:51  ;  55.531086667 ;  38.19426  
09 09:19:56  ;  55.528206667 ;  38.200316667  
09 09:20:01  ;  55.525351667 ;  38.206411667  
09 09:20:06  ;  55.522745 ;  38.212568333  
09 09:20:11  ;  55.520361667 ;  38.218881667  
09 09:20:16  ;  55.518128333 ;  38.22541  
09 09:20:21  ;  55.516011667 ;  38.232088333  
09 09:20:26  ;  55.513951667 ;  38.23887  
09 09:20:31  ;  55.511878333 ;  38.24579  
09 09:20:36  ;  55.50968 ;  38.252946667  
09 09:20:41  ;  55.507501667 ;  38.260536667  
09 09:20:46  ;  55.505556667 ;  38.268576667  
09 09:20:51  ;  55.5038 ;  38.276908333  
09 09:20:56  ;  55.502043333 ;  38.285385  
09 09:21:01  ;  55.500348333 ;  38.29388  
09 09:21:06  ;  55.498843333 ;  38.302468333  
09 09:21:11  ;  55.497396667 ;  38.311058333  
09 09:21:16  ;  55.49593 ;  38.31954  
09 09:21:21  ;  55.494206667 ;  38.327756667  
09 09:21:26  ;  55.491911667 ;  38.335308333  
09 09:21:31  ;  55.489428333 ;  38.342446667  
09 09:21:36  ;  55.487051667 ;  38.349323333  
09 09:21:41  ;  55.484685 ;  38.356071667  
09 09:21:46  ;  55.482301667 ;  38.362881667  
09 09:21:51  ;  55.480015 ;  38.369858333  
09 09:21:56  ;  55.477895 ;  38.377036667  
09 09:22:01  ;  55.475871667 ;  38.38432  
09 09:22:06  ;  55.473861667 ;  38.39161  
09 09:22:11  ;  55.47188 ;  38.398886667  
09 09:22:16  ;  55.470008333 ;  38.406178333  
09 09:22:21  ;  55.468228333 ;  38.413451667  
09 09:22:26  ;  55.466541667 ;  38.42064  
09 09:22:31  ;  55.464951667 ;  38.42774  
09 09:22:36  ;  55.463426667 ;  38.434741667  
09 09:22:41  ;  55.461965 ;  38.44162  
09 09:22:46  ;  55.46048 ;  38.448501667  
09 09:22:51  ;  55.458985 ;  38.45538  
09 09:22:56  ;  55.457493333 ;  38.462263333  
09 09:23:01  ;  55.456011667 ;  38.469173333  
09 09:23:06  ;  55.454543333 ;  38.476141667  
09 09:23:11  ;  55.453078333 ;  38.483175  
09 09:23:16  ;  55.45161 ;  38.490266667  
09 09:23:21  ;  55.450125 ;  38.497423333  
09 09:23:26  ;  55.448623333 ;  38.504645  
09 09:23:31  ;  55.447118333 ;  38.511953333  
09 09:23:36  ;  55.445603333 ;  38.519356667  
09 09:23:41  ;  55.444078333 ;  38.526851667  
09 09:23:46  ;  55.442546667 ;  38.534423333  
09 09:23:51  ;  55.440998333 ;  38.542023333  
09 09:23:56  ;  55.439486667 ;  38.549596667  
09 09:24:01  ;  55.43801 ;  38.557148333  
09 09:24:06  ;  55.436543333 ;  38.564663333  
09 09:24:11  ;  55.435075 ;  38.572116667  
09 09:24:16  ;  55.433581667 ;  38.579476667  
09 09:24:21  ;  55.432068333 ;  38.586726667  
09 09:24:26  ;  55.430548333 ;  38.593885  
09 09:24:31  ;  55.429055 ;  38.60093  
09 09:24:36  ;  55.427613333 ;  38.607923333  
09 09:24:41  ;  55.426288333 ;  38.614988333  
09 09:24:46  ;  55.425241667 ;  38.622158333  
09 09:24:51  ;  55.424246667 ;  38.629336667  
09 09:24:56  ;  55.423491667 ;  38.636631667  
09 09:25:01  ;  55.423558333 ;  38.644023333  
09 09:25:06  ;  55.424538333 ;  38.651356667  
09 09:25:11  ;  55.425298333 ;  38.658685  
09 09:25:16  ;  55.42561 ;  38.666221667  
09 09:25:21  ;  55.426156667 ;  38.673698333  
09 09:25:26  ;  55.427811667 ;  38.680673333  
09 09:25:31  ;  55.430673333 ;  38.686006667  
09 09:25:36  ;  55.434368333 ;  38.689455  
09 09:25:41  ;  55.438441667 ;  38.690715  
09 09:25:46  ;  55.442423333 ;  38.689866667  
09 09:25:51  ;  55.446303333 ;  38.688238333  
09 09:25:56  ;  55.450136667 ;  38.686585  
09 09:26:01  ;  55.453943333 ;  38.685006667  
09 09:26:06  ;  55.45772 ;  38.683483333  
09 09:26:11  ;  55.461451667 ;  38.682031667  
09 09:26:16  ;  55.46522 ;  38.681086667  
09 09:26:21  ;  55.469028333 ;  38.681181667  
09 09:26:26  ;  55.4728 ;  38.682181667  
09 09:26:31  ;  55.476545 ;  38.683435  
09 09:26:36  ;  55.48029 ;  38.684668333  
09 09:26:41  ;  55.484063333 ;  38.685815  
09 09:26:46  ;  55.487875 ;  38.686895  
09 09:26:51  ;  55.49173 ;  38.68795  
09 09:26:56  ;  55.49563 ;  38.689006667  
09 09:27:01  ;  55.499575 ;  38.690076667  
09 09:27:06  ;  55.503563333 ;  38.691156667  
09 09:27:11  ;  55.507601667 ;  38.692233333  
09 09:27:16  ;  55.511703333 ;  38.692915  
09 09:27:21  ;  55.515865 ;  38.69261  
09 09:27:26  ;  55.519963333 ;  38.690995  
09 09:27:31  ;  55.523911667 ;  38.688221667  
09 09:27:36  ;  55.527533333 ;  38.684188333  
09 09:27:41  ;  55.530855 ;  38.679395  
09 09:27:46  ;  55.53399 ;  38.674288333  
09 09:27:51  ;  55.536876667 ;  38.668781667  
09 09:27:56  ;  55.539446667 ;  38.662805  
09 09:28:01  ;  55.541705 ;  38.656466667  
09 09:28:06  ;  55.543831667 ;  38.650008333  
09 09:28:11  ;  55.545893333 ;  38.64327  
09 09:28:16  ;  55.548143333 ;  38.6366  
09 09:28:21  ;  55.550838333 ;  38.630235  
09 09:28:26  ;  55.553678333 ;  38.624045  
09 09:28:31  ;  55.556551667 ;  38.617886667  
09 09:28:36  ;  55.5594 ;  38.611685  
09 09:28:41  ;  55.562203333 ;  38.60556  
09 09:28:46  ;  55.564886667 ;  38.599481667  
09 09:28:51  ;  55.567546667 ;  38.593505  
09 09:28:56  ;  55.570138333 ;  38.587558333  
09 09:29:01  ;  55.572576667 ;  38.581465  
09 09:29:06  ;  55.574823333 ;  38.57518  
09 09:29:11  ;  55.576883333 ;  38.568695  
09 09:29:16  ;  55.5788 ;  38.561978333  
09 09:29:21  ;  55.580686667 ;  38.555115  
09 09:29:26  ;  55.582673333 ;  38.548468333  
09 09:29:31  ;  55.584775 ;  38.54207  
09 09:29:36  ;  55.586976667 ;  38.53589  
09 09:29:41  ;  55.58924 ;  38.529865  
09 09:29:46  ;  55.591551667 ;  38.523925  
09 09:29:51  ;  55.593921667 ;  38.518063333  
09 09:29:56  ;  55.596285 ;  38.512175  
09 09:30:01  ;  55.598646667 ;  38.50624  
09 09:30:06  ;  55.601025 ;  38.500268333  
09 09:30:11  ;  55.603431667 ;  38.494261667  
09 09:30:16  ;  55.605858333 ;  38.48822  
09 09:30:21  ;  55.608305 ;  38.482141667  
09 09:30:26  ;  55.610765 ;  38.476033333  
09 09:30:31  ;  55.613236667 ;  38.469893333  
09 09:30:36  ;  55.615725 ;  38.463716667  
09 09:30:41  ;  55.61823 ;  38.4575  
09 09:30:46  ;  55.62075 ;  38.451245  
09 09:30:51  ;  55.623285 ;  38.444955  
09 09:30:56  ;  55.625835 ;  38.43864  
09 09:31:01  ;  55.628388333 ;  38.432306667  
09 09:31:06  ;  55.630943333 ;  38.425973333  
09 09:31:11  ;  55.633493333 ;  38.419648333  
09 09:31:16  ;  55.636048333 ;  38.413348333  
09 09:31:21  ;  55.638595 ;  38.407063333  
09 09:31:26  ;  55.641135 ;  38.400786667  
09 09:31:31  ;  55.643666667 ;  38.394525  
09 09:31:36  ;  55.646203333 ;  38.388266667  
09 09:31:41  ;  55.648751667 ;  38.382021667  
09 09:31:46  ;  55.65133 ;  38.375778333  
09 09:31:51  ;  55.65393 ;  38.369531667  
09 09:31:56  ;  55.656545 ;  38.363278333  
09 09:32:01  ;  55.659165 ;  38.357003333  
09 09:32:06  ;  55.661781667 ;  38.350696667  
09 09:32:11  ;  55.664395 ;  38.344353333  
09 09:32:16  ;  55.667001667 ;  38.337993333  
09 09:32:21  ;  55.669596667 ;  38.331623333  
09 09:32:26  ;  55.672181667 ;  38.325245  
09 09:32:31  ;  55.674761667 ;  38.318876667  
09 09:32:36  ;  55.677343333 ;  38.312538333  
09 09:32:41  ;  55.679921667 ;  38.306233333  
09 09:32:46  ;  55.682496667 ;  38.299958333  
09 09:32:51  ;  55.685096667 ;  38.293668333  
09 09:32:56  ;  55.687745 ;  38.287283333  
09 09:33:01  ;  55.690443333 ;  38.280768333  
09 09:33:06  ;  55.6932 ;  38.274111667  
09 09:33:11  ;  55.696003333 ;  38.267316667  
09 09:33:16  ;  55.698818333 ;  38.260438333  
09 09:33:21  ;  55.701628333 ;  38.253586667  
09 09:33:26  ;  55.704423333 ;  38.246761667  
09 09:33:31  ;  55.707193333 ;  38.23996  
09 09:33:36  ;  55.70994 ;  38.233193333  
09 09:33:41  ;  55.71266 ;  38.226446667  
09 09:33:46  ;  55.71537 ;  38.21972  
09 09:33:51  ;  55.718083333 ;  38.21298  
09 09:33:56  ;  55.720833333 ;  38.206245  
09 09:34:01  ;  55.723605 ;  38.199531667  
09 09:34:06  ;  55.726355 ;  38.192795  
09 09:34:11  ;  55.729091667 ;  38.186071667  
09 09:34:16  ;  55.73182 ;  38.179366667  
09 09:34:21  ;  55.734535 ;  38.172688333  
09 09:34:26  ;  55.73724 ;  38.166031667  
09 09:34:31  ;  55.739943333 ;  38.159383333  
09 09:34:36  ;  55.74264 ;  38.152736667  
09 09:34:41  ;  55.74533 ;  38.146081667  
09 09:34:46  ;  55.748011667 ;  38.139421667  
09 09:34:51  ;  55.750683333 ;  38.132761667  
09 09:34:56  ;  55.753345 ;  38.126115  
09 09:35:01  ;  55.756005 ;  38.11949  
09 09:35:06  ;  55.758666667 ;  38.112885  
09 09:35:11  ;  55.76133 ;  38.106305  
09 09:35:16  ;  55.763986667 ;  38.09974  
09 09:35:21  ;  55.766628333 ;  38.093175  
09 09:35:26  ;  55.769261667 ;  38.086611667  
09 09:35:31  ;  55.771896667 ;  38.08005  
09 09:35:36  ;  55.77453 ;  38.0735  
09 09:35:41  ;  55.777166667 ;  38.066966667  
09 09:35:46  ;  55.77981 ;  38.060453333  
09 09:35:51  ;  55.782443333 ;  38.053943333  
09 09:35:56  ;  55.785063333 ;  38.04744  
09 09:36:01  ;  55.787675 ;  38.040943333  
09 09:36:06  ;  55.790285 ;  38.034458333  
09 09:36:11  ;  55.792891667 ;  38.027986667  
09 09:36:16  ;  55.795488333 ;  38.021525  
09 09:36:21  ;  55.798073333 ;  38.015071667  
09 09:36:26  ;  55.800646667 ;  38.00862  
09 09:36:31  ;  55.80322 ;  38.00217  
09 09:36:36  ;  55.805791667 ;  37.995721667  
09 09:36:41  ;  55.808358333 ;  37.989266667  
09 09:36:46  ;  55.810923333 ;  37.9828  
09 09:36:51  ;  55.81349 ;  37.976351667  
09 09:36:56  ;  55.816043333 ;  37.969913333  
09 09:37:01  ;  55.818608333 ;  37.963491667  
09 09:37:06  ;  55.821178333 ;  37.957093333  
09 09:37:11  ;  55.823768333 ;  37.950741667  
09 09:37:16  ;  55.826458333 ;  37.944545  
09 09:37:21  ;  55.829245 ;  37.938518333  
09 09:37:26  ;  55.832035 ;  37.932536667  
09 09:37:31  ;  55.83481 ;  37.926543333  
09 09:37:36  ;  55.83757 ;  37.920528333  
09 09:37:41  ;  55.840331667 ;  37.914491667  
09 09:37:46  ;  55.843083333 ;  37.908435  
09 09:37:51  ;  55.845828333 ;  37.902371667  
09 09:37:56  ;  55.848568333 ;  37.896305  
09 09:38:01  ;  55.851306667 ;  37.890251667  
09 09:38:06  ;  55.854041667 ;  37.884215  
09 09:38:11  ;  55.85677 ;  37.878196667  
09 09:38:16  ;  55.85949 ;  37.872165  
09 09:38:21  ;  55.862203333 ;  37.866113333  
09 09:38:26  ;  55.864915 ;  37.86005  
09 09:38:31  ;  55.867631667 ;  37.854  
09 09:38:36  ;  55.870348333 ;  37.847958333  
09 09:38:41  ;  55.873065 ;  37.84192  
09 09:38:46  ;  55.875778333 ;  37.835895  
09 09:38:51  ;  55.87849 ;  37.829878333  
09 09:38:56  ;  55.88119 ;  37.823876667  
09 09:39:01  ;  55.883855 ;  37.817931667  
09 09:39:06  ;  55.886483333 ;  37.812041667  
09 09:39:11  ;  55.889075 ;  37.806215  
09 09:39:16  ;  55.891635 ;  37.800458333  
09 09:39:21  ;  55.89416 ;  37.794773333  
09 09:39:26  ;  55.89666 ;  37.789138333  
09 09:39:31  ;  55.899156667 ;  37.783516667  
09 09:39:36  ;  55.901641667 ;  37.77789  
09 09:39:41  ;  55.90412 ;  37.772268333  
09 09:39:46  ;  55.906601667 ;  37.76665  
09 09:39:51  ;  55.9091 ;  37.761021667  
09 09:39:56  ;  55.911618333 ;  37.755355  
09 09:40:01  ;  55.914166667 ;  37.749636667  
09 09:40:06  ;  55.916751667 ;  37.743858333  
09 09:40:11  ;  55.91937 ;  37.738008333  
09 09:40:16  ;  55.921963333 ;  37.732045  
09 09:40:21  ;  55.924416667 ;  37.725836667  
09 09:40:26  ;  55.926691667 ;  37.719343333  
09 09:40:31  ;  55.92876 ;  37.712598333  
09 09:40:36  ;  55.930616667 ;  37.70555  
09 09:40:41  ;  55.932151667 ;  37.698151667  
09 09:40:46  ;  55.933361667 ;  37.69046  
09 09:40:51  ;  55.934283333 ;  37.682553333  
09 09:40:56  ;  55.934988333 ;  37.674503333  
09 09:41:01  ;  55.935621667 ;  37.666421667  
09 09:41:06  ;  55.936255 ;  37.658281667  
09 09:41:11  ;  55.936893333 ;  37.650128333  
09 09:41:16  ;  55.937546667 ;  37.641996667  
09 09:41:21  ;  55.938201667 ;  37.633893333  
09 09:41:26  ;  55.93886 ;  37.625833333  
09 09:41:31  ;  55.939526667 ;  37.617816667  
09 09:41:36  ;  55.940181667 ;  37.609835  
09 09:41:41  ;  55.94083 ;  37.601883333  
09 09:41:46  ;  55.94148 ;  37.593951667  
09 09:41:51  ;  55.942128333 ;  37.585916667  
09 09:41:56  ;  55.942838333 ;  37.57759  
09 09:42:01  ;  55.943568333 ;  37.569248333  
09 09:42:06  ;  55.944275 ;  37.560951667  
09 09:42:11  ;  55.94496 ;  37.552696667  
09 09:42:16  ;  55.94563 ;  37.544475  
09 09:42:21  ;  55.946293333 ;  37.536296667  
09 09:42:26  ;  55.946955 ;  37.52816  
09 09:42:31  ;  55.947616667 ;  37.520051667  
09 09:42:36  ;  55.948275 ;  37.511966667  
09 09:42:41  ;  55.948931667 ;  37.503901667  
09 09:42:46  ;  55.949588333 ;  37.495858333  
09 09:42:51  ;  55.950243333 ;  37.48784  
09 09:42:56  ;  55.950898333 ;  37.479855  
09 09:43:01  ;  55.951545 ;  37.4719  
09 09:43:06  ;  55.952183333 ;  37.463968333  
09 09:43:11  ;  55.95282 ;  37.456065  
09 09:43:16  ;  55.953455 ;  37.448191667  
09 09:43:21  ;  55.954086667 ;  37.440345  
09 09:43:26  ;  55.954721667 ;  37.432521667  
09 09:43:31  ;  55.955366667 ;  37.424715  
09 09:43:36  ;  55.955996667 ;  37.416913333  
09 09:43:41  ;  55.9566 ;  37.409136667  
09 09:43:46  ;  55.95718 ;  37.401411667  
09 09:43:51  ;  55.957743333 ;  37.39375  
09 09:43:56  ;  55.958303333 ;  37.386148333  
09 09:44:01  ;  55.958866667 ;  37.378576667  
09 09:44:06  ;  55.959435 ;  37.370996667  
09 09:44:11  ;  55.95995 ;  37.363373333  
09 09:44:16  ;  55.960351667 ;  37.355696667  
09 09:44:21  ;  55.960618333 ;  37.34798  
09 09:44:26  ;  55.960726667 ;  37.340203333  
09 09:44:31  ;  55.960786667 ;  37.332396667  
09 09:44:36  ;  55.960931667 ;  37.32459  
09 09:44:41  ;  55.961201667 ;  37.316796667  
09 09:44:46  ;  55.961578333 ;  37.309035  
09 09:44:51  ;  55.961956667 ;  37.30128  
09 09:44:56  ;  55.962323333 ;  37.29352  
09 09:45:01  ;  55.962705 ;  37.285745  
09 09:45:06  ;  55.9631 ;  37.277933333  
09 09:45:11  ;  55.963496667 ;  37.270105  
09 09:45:16  ;  55.963891667 ;  37.262273333  
09 09:45:21  ;  55.964286667 ;  37.254436667  
09 09:45:26  ;  55.96468 ;  37.246595  
09 09:45:31  ;  55.96507 ;  37.238738333  
09 09:45:36  ;  55.965465 ;  37.230873333  
09 09:45:41  ;  55.965865 ;  37.223008333  
09 09:45:46  ;  55.966268333 ;  37.215141667  
09 09:45:51  ;  55.966666667 ;  37.207256667  
09 09:45:56  ;  55.967056667 ;  37.19935  
09 09:46:01  ;  55.967438333 ;  37.191421667  
09 09:46:06  ;  55.967821667 ;  37.183481667  
09 09:46:11  ;  55.968203333 ;  37.175516667  
09 09:46:16  ;  55.968573333 ;  37.167531667  
09 09:46:21  ;  55.968918333 ;  37.15955  
09 09:46:26  ;  55.969248333 ;  37.151573333  
09 09:46:31  ;  55.969573333 ;  37.143591667  
09 09:46:36  ;  55.969901667 ;  37.135596667  
09 09:46:41  ;  55.970233333 ;  37.127591667  
09 09:46:46  ;  55.970573333 ;  37.11957  
09 09:46:51  ;  55.970916667 ;  37.111538333  
09 09:46:56  ;  55.971256667 ;  37.10351  
09 09:47:01  ;  55.97159 ;  37.095488333  
09 09:47:06  ;  55.971915 ;  37.08747  
09 09:47:11  ;  55.972243333 ;  37.079448333  
09 09:47:16  ;  55.97258 ;  37.07142  
09 09:47:21  ;  55.972926667 ;  37.06337  
09 09:47:26  ;  55.973276667 ;  37.05531  
09 09:47:31  ;  55.97362 ;  37.047256667  
09 09:47:36  ;  55.973951667 ;  37.039208333  
09 09:47:41  ;  55.974276667 ;  37.031141667  
09 09:47:46  ;  55.974605 ;  37.02305  
09 09:47:51  ;  55.97495 ;  37.014953333  
09 09:47:56  ;  55.975298333 ;  37.006865  
09 09:48:01  ;  55.975636667 ;  36.998778333  
09 09:48:06  ;  55.97596 ;  36.990698333  
09 09:48:11  ;  55.976271667 ;  36.982615  
09 09:48:16  ;  55.976576667 ;  36.974521667  
09 09:48:21  ;  55.976883333 ;  36.96642  
09 09:48:26  ;  55.977198333 ;  36.958318333  
09 09:48:31  ;  55.977515 ;  36.950228333  
09 09:48:36  ;  55.977835 ;  36.942151667  
09 09:48:41  ;  55.97817 ;  36.934076667  
09 09:48:46  ;  55.978521667 ;  36.92599  
09 09:48:51  ;  55.978891667 ;  36.917881667  
09 09:48:56  ;  55.979271667 ;  36.909763333  
09 09:49:01  ;  55.979631667 ;  36.901645  
09 09:49:06  ;  55.979973333 ;  36.89353  
09 09:49:11  ;  55.980313333 ;  36.8854  
09 09:49:16  ;  55.980663333 ;  36.877248333  
09 09:49:21  ;  55.981028333 ;  36.86907  
09 09:49:26  ;  55.981401667 ;  36.860881667  
09 09:49:31  ;  55.981775 ;  36.852685  
09 09:49:36  ;  55.982135 ;  36.844475  
09 09:49:41  ;  55.982493333 ;  36.836281667  
09 09:49:46  ;  55.982908333 ;  36.828115  
09 09:49:51  ;  55.983598333 ;  36.820008333  
09 09:49:56  ;  55.984625 ;  36.812021667  
09 09:50:01  ;  55.985831667 ;  36.80416  
09 09:50:06  ;  55.987055 ;  36.796343333  
09 09:50:11  ;  55.988303333 ;  36.78854  
09 09:50:16  ;  55.989766667 ;  36.78085  
09 09:50:21  ;  55.99156 ;  36.773403333  
09 09:50:26  ;  55.993681667 ;  36.766308333  
09 09:50:31  ;  55.99594 ;  36.759416667  
09 09:50:36  ;  55.998128333 ;  36.752476667  
09 09:50:41  ;  56.000213333 ;  36.74542  
09 09:50:46  ;  56.002263333 ;  36.738325  
09 09:50:51  ;  56.00431 ;  36.73121  
09 09:50:56  ;  56.006356667 ;  36.724085  
09 09:51:01  ;  56.008408333 ;  36.716955  
09 09:51:06  ;  56.010456667 ;  36.709823333  
09 09:51:11  ;  56.0125 ;  36.702695  
09 09:51:16  ;  56.01454 ;  36.695568333  
09 09:51:21  ;  56.016585 ;  36.688453333  
09 09:51:26  ;  56.018638333 ;  36.68135  
09 09:51:31  ;  56.020693333 ;  36.674248333  
09 09:51:36  ;  56.022746667 ;  36.667148333  
09 09:51:41  ;  56.0248 ;  36.660043333  
09 09:51:46  ;  56.026853333 ;  36.652931667  
09 09:51:51  ;  56.028911667 ;  36.645813333  
09 09:51:56  ;  56.030966667 ;  36.638698333  
09 09:52:01  ;  56.03302 ;  36.63159  
09 09:52:06  ;  56.03507 ;  36.624486667  
09 09:52:11  ;  56.037115 ;  36.617386667  
09 09:52:16  ;  56.039158333 ;  36.610285  
09 09:52:21  ;  56.041215 ;  36.603188333  
09 09:52:26  ;  56.043275 ;  36.596098333  
09 09:52:31  ;  56.045338333 ;  36.58902  
09 09:52:36  ;  56.0474 ;  36.58195  
09 09:52:41  ;  56.049456667 ;  36.574881667  
09 09:52:46  ;  56.051508333 ;  36.567805  
09 09:52:51  ;  56.05356 ;  36.560716667  
09 09:52:56  ;  56.055611667 ;  36.553611667  
09 09:53:01  ;  56.057668333 ;  36.546508333  
09 09:53:06  ;  56.059731667 ;  36.53941  
09 09:53:11  ;  56.061793333 ;  36.532313333  
09 09:53:16  ;  56.063851667 ;  36.525216667  
09 09:53:21  ;  56.065903333 ;  36.518111667  
09 09:53:26  ;  56.067955 ;  36.511008333  
09 09:53:31  ;  56.070005 ;  36.503898333  
09 09:53:36  ;  56.07205 ;  36.4968  
09 09:53:41  ;  56.074096667 ;  36.489698333  
09 09:53:46  ;  56.076135 ;  36.482591667  
09 09:53:51  ;  56.078171667 ;  36.475478333  
09 09:53:56  ;  56.080208333 ;  36.46836  
09 09:54:01  ;  56.082246667 ;  36.46123  
09 09:54:06  ;  56.084286667 ;  36.454101667  
09 09:54:11  ;  56.086328333 ;  36.446975  
09 09:54:16  ;  56.088365 ;  36.439853333  
09 09:54:21  ;  56.090395 ;  36.43273  
09 09:54:26  ;  56.092421667 ;  36.425595  
09 09:54:31  ;  56.09445 ;  36.418455  
09 09:54:36  ;  56.096476667 ;  36.411311667  
09 09:54:41  ;  56.098503333 ;  36.404171667  
09 09:54:46  ;  56.100525 ;  36.397033333  
09 09:54:51  ;  56.102548333 ;  36.389893333  
09 09:54:56  ;  56.104571667 ;  36.382743333  
09 09:55:01  ;  56.106605 ;  36.375593333  
09 09:55:06  ;  56.108646667 ;  36.36845  
09 09:55:11  ;  56.11069 ;  36.361315  
09 09:55:16  ;  56.112731667 ;  36.354175  
09 09:55:21  ;  56.114776667 ;  36.347045  
09 09:55:26  ;  56.116821667 ;  36.339913333  
09 09:55:31  ;  56.118868333 ;  36.332776667  
09 09:55:36  ;  56.120916667 ;  36.325638333  
09 09:55:41  ;  56.12297 ;  36.318501667  
09 09:55:46  ;  56.125033333 ;  36.311376667  
09 09:55:51  ;  56.127101667 ;  36.304268333  
09 09:55:56  ;  56.129168333 ;  36.297181667  
09 09:56:01  ;  56.131225 ;  36.290098333  
09 09:56:06  ;  56.133266667 ;  36.282991667  
09 09:56:11  ;  56.135303333 ;  36.275855  
09 09:56:16  ;  56.137336667 ;  36.26871  
09 09:56:21  ;  56.139375 ;  36.261565  
09 09:56:26  ;  56.14142 ;  36.254433333  
09 09:56:31  ;  56.143471667 ;  36.24732  
09 09:56:36  ;  56.145521667 ;  36.240215  
09 09:56:41  ;  56.147556667 ;  36.233098333  
09 09:56:46  ;  56.149586667 ;  36.225956667  
09 09:56:51  ;  56.151618333 ;  36.218796667  
09 09:56:56  ;  56.153656667 ;  36.211643333  
09 09:57:01  ;  56.1557 ;  36.204501667  
09 09:57:06  ;  56.157751667 ;  36.197346667  
09 09:57:11  ;  56.159781667 ;  36.190163333  
09 09:57:16  ;  56.16175 ;  36.18299  
09 09:57:21  ;  56.163695 ;  36.175843333  
09 09:57:26  ;  56.16567 ;  36.168665  
09 09:57:31  ;  56.167726667 ;  36.161466667  
09 09:57:36  ;  56.169831667 ;  36.154258333  
09 09:57:41  ;  56.171953333 ;  36.147056667  
09 09:57:46  ;  56.174066667 ;  36.139928333  
09 09:57:51  ;  56.17613 ;  36.132861667  
09 09:57:56  ;  56.17816 ;  36.125786667  
09 09:58:01  ;  56.1802 ;  36.118658333  
09 09:58:06  ;  56.182276667 ;  36.111475  
09 09:58:11  ;  56.184396667 ;  36.10427  
09 09:58:16  ;  56.186558333 ;  36.09709  
09 09:58:21  ;  56.188711667 ;  36.089988333  
09 09:58:26  ;  56.190835 ;  36.083008333  
09 09:58:31  ;  56.192928333 ;  36.076026667  
09 09:58:36  ;  56.195033333 ;  36.06896  
09 09:58:41  ;  56.197158333 ;  36.061738333  
09 09:58:46  ;  56.199275 ;  36.054448333  
09 09:58:51  ;  56.201401667 ;  36.04717  
09 09:58:56  ;  56.20354 ;  36.039901667  
09 09:59:01  ;  56.205688333 ;  36.032633333  
09 09:59:06  ;  56.207833333 ;  36.025361667  
09 09:59:11  ;  56.209976667 ;  36.018093333  
09 09:59:16  ;  56.212126667 ;  36.010826667  
09 09:59:21  ;  56.214278333 ;  36.003551667  
09 09:59:26  ;  56.216421667 ;  35.996273333  
09 09:59:31  ;  56.21855 ;  35.988991667  
09 09:59:36  ;  56.220673333 ;  35.981705  
09 09:59:41  ;  56.222791667 ;  35.974415  
09 09:59:46  ;  56.22492 ;  35.967126667  
09 09:59:51  ;  56.227053333 ;  35.959846667  
09 09:59:56  ;  56.22919 ;  35.952575  
09 10:00:01  ;  56.231323333 ;  35.945301667  
09 10:00:06  ;  56.233461667 ;  35.938015  
09 10:00:11  ;  56.235598333 ;  35.930706667  
09 10:00:16  ;  56.237731667 ;  35.923381667  
09 10:00:21  ;  56.239863333 ;  35.916063333  
09 10:00:26  ;  56.242001667 ;  35.90876  
09 10:00:31  ;  56.244143333 ;  35.901465  
09 10:00:36  ;  56.246286667 ;  35.894173333  
09 10:00:41  ;  56.248431667 ;  35.886881667  
09 10:00:46  ;  56.25058 ;  35.87959  
09 10:00:51  ;  56.252733333 ;  35.872305  
09 10:00:56  ;  56.254873333 ;  35.864993333  
09 10:01:01  ;  56.257016667 ;  35.857698333  
09 10:01:06  ;  56.259156667 ;  35.850408333  
09 10:01:11  ;  56.261293333 ;  35.843115  
09 10:01:16  ;  56.26343 ;  35.835818333  
09 10:01:21  ;  56.265565 ;  35.828525  
09 10:01:26  ;  56.267703333 ;  35.821246667  
09 10:01:31  ;  56.269846667 ;  35.813978333  
09 10:01:36  ;  56.271983333 ;  35.806705  
09 10:01:41  ;  56.274118333 ;  35.799425  
09 10:01:46  ;  56.276258333 ;  35.792141667  
09 10:01:51  ;  56.278398333 ;  35.784856667  
09 10:01:56  ;  56.280535 ;  35.77757  
09 10:02:01  ;  56.28267 ;  35.770283333  
09 10:02:06  ;  56.284806667 ;  35.762995  
09 10:02:11  ;  56.286943333 ;  35.755703333  
09 10:02:16  ;  56.289073333 ;  35.748413333  
09 10:02:21  ;  56.291203333 ;  35.741136667  
09 10:02:26  ;  56.293331667 ;  35.73386  
09 10:02:31  ;  56.295461667 ;  35.72657  
09 10:02:36  ;  56.297581667 ;  35.719268333  
09 10:02:41  ;  56.299688333 ;  35.71196  
09 10:02:46  ;  56.301781667 ;  35.704648333  
09 10:02:51  ;  56.303853333 ;  35.697321667  
09 10:02:56  ;  56.3059 ;  35.689976667  
09 10:03:01  ;  56.307935 ;  35.682623333  
09 10:03:06  ;  56.309931667 ;  35.675291667  
09 10:03:11  ;  56.311956667 ;  35.667928333  
09 10:03:16  ;  56.313988333 ;  35.660561667  
09 10:03:21  ;  56.31601 ;  35.653195  
09 10:03:26  ;  56.318028333 ;  35.645825  
09 10:03:31  ;  56.32005 ;  35.638448333  
09 10:03:36  ;  56.322076667 ;  35.631061667  
09 10:03:41  ;  56.324118333 ;  35.62367  
09 10:03:46  ;  56.326166667 ;  35.61627  
09 10:03:51  ;  56.32821 ;  35.608858333  
09 10:03:56  ;  56.330246667 ;  35.60144  
09 10:04:01  ;  56.332276667 ;  35.594015  
09 10:04:06  ;  56.334301667 ;  35.586576667  
09 10:04:11  ;  56.336318333 ;  35.57914  
09 10:04:16  ;  56.338325 ;  35.57171  
09 10:04:21  ;  56.340333333 ;  35.564285  
09 10:04:26  ;  56.34234 ;  35.556861667  
09 10:04:31  ;  56.344348333 ;  35.549451667  
09 10:04:36  ;  56.34636 ;  35.542023333  
09 10:04:41  ;  56.348383333 ;  35.534588333  
09 10:04:46  ;  56.350468333 ;  35.527235  
09 10:04:51  ;  56.352623333 ;  35.519966667  
09 10:04:56  ;  56.354766667 ;  35.51271  
09 10:05:01  ;  56.356895 ;  35.505448333  
09 10:05:06  ;  56.359013333 ;  35.498181667  
09 10:05:11  ;  56.361128333 ;  35.490918333  
09 10:05:16  ;  56.363241667 ;  35.483661667  
09 10:05:21  ;  56.365353333 ;  35.4764  
09 10:05:26  ;  56.36747 ;  35.469123333  
09 10:05:31  ;  56.36958 ;  35.461866667  
09 10:05:36  ;  56.371675 ;  35.454611667  
09 10:05:41  ;  56.373765 ;  35.447343333  
09 10:05:46  ;  56.375853333 ;  35.440061667  
09 10:05:51  ;  56.377938333 ;  35.432781667  
09 10:05:56  ;  56.380023333 ;  35.425495  
09 10:06:01  ;  56.382105 ;  35.418216667  
09 10:06:06  ;  56.384175 ;  35.410935  
09 10:06:11  ;  56.386238333 ;  35.40366  
09 10:06:16  ;  56.388295 ;  35.396393333  
09 10:06:21  ;  56.390346667 ;  35.389131667  
09 10:06:26  ;  56.392401667 ;  35.381876667  
09 10:06:31  ;  56.394471667 ;  35.374633333  
09 10:06:36  ;  56.396553333 ;  35.367408333  
09 10:06:41  ;  56.398636667 ;  35.36019  
09 10:06:46  ;  56.400706667 ;  35.352963333  
09 10:06:51  ;  56.40276 ;  35.345731667  
09 10:06:56  ;  56.404801667 ;  35.338498333  
09 10:07:01  ;  56.406836667 ;  35.331255  
09 10:07:06  ;  56.408878333 ;  35.324018333  
09 10:07:11  ;  56.410926667 ;  35.316788333  
09 10:07:16  ;  56.412986667 ;  35.309566667  
09 10:07:21  ;  56.41507 ;  35.302366667  
09 10:07:26  ;  56.417161667 ;  35.29518  
09 10:07:31  ;  56.419246667 ;  35.288  
09 10:07:36  ;  56.421325 ;  35.28081  
09 10:07:41  ;  56.423396667 ;  35.273611667  
09 10:07:46  ;  56.425468333 ;  35.266396667  
09 10:07:51  ;  56.427536667 ;  35.259181667  
09 10:07:56  ;  56.429605 ;  35.25197  
09 10:08:01  ;  56.431668333 ;  35.24476  
09 10:08:06  ;  56.433733333 ;  35.237556667  
09 10:08:11  ;  56.435796667 ;  35.230353333  
09 10:08:16  ;  56.437861667 ;  35.223148333  
09 10:08:21  ;  56.439921667 ;  35.215958333  
09 10:08:26  ;  56.441971667 ;  35.208786667  
09 10:08:31  ;  56.444015 ;  35.201616667  
09 10:08:36  ;  56.446056667 ;  35.194438333  
09 10:08:41  ;  56.448091667 ;  35.187243333  
09 10:08:46  ;  56.45012 ;  35.180036667  
09 10:08:51  ;  56.452138333 ;  35.172821667  
09 10:08:56  ;  56.454171667 ;  35.165615  
09 10:09:01  ;  56.456215 ;  35.158421667  
09 10:09:06  ;  56.458261667 ;  35.151235  
09 10:09:11  ;  56.460301667 ;  35.144051667  
09 10:09:16  ;  56.46233 ;  35.136868333  
09 10:09:21  ;  56.464345 ;  35.129671667  
09 10:09:26  ;  56.466365 ;  35.122461667  
09 10:09:31  ;  56.468383333 ;  35.115251667  
09 10:09:36  ;  56.47039 ;  35.108043333  
09 10:09:41  ;  56.472385 ;  35.100833333  
09 10:09:46  ;  56.474381667 ;  35.093616667  
09 10:09:51  ;  56.476395 ;  35.086386667  
09 10:09:56  ;  56.478408333 ;  35.079165  
09 10:10:01  ;  56.480421667 ;  35.071941667  
09 10:10:06  ;  56.482416667 ;  35.064715  
09 10:10:11  ;  56.484391667 ;  35.057468333  
09 10:10:16  ;  56.486351667 ;  35.05021  
09 10:10:21  ;  56.488326667 ;  35.042938333  
09 10:10:26  ;  56.490318333 ;  35.035678333  
09 10:10:31  ;  56.492318333 ;  35.028415  
09 10:10:36  ;  56.494315 ;  35.021141667  
09 10:10:41  ;  56.496303333 ;  35.013861667  
09 10:10:46  ;  56.498276667 ;  35.006586667  
09 10:10:51  ;  56.500223333 ;  34.999308333  
09 10:10:56  ;  56.502165 ;  34.992013333  
09 10:11:01  ;  56.504113333 ;  34.984693333  
09 10:11:06  ;  56.506061667 ;  34.977403333  
09 10:11:11  ;  56.50779 ;  34.969896667  
09 10:11:16  ;  56.508825 ;  34.961848333  
09 10:11:21  ;  56.508536667 ;  34.953155  
09 10:11:26  ;  56.506866667 ;  34.944683333  
09 10:11:31  ;  56.503815 ;  34.937395  
09 10:11:36  ;  56.500025 ;  34.931683333  
09 10:11:41  ;  56.495606667 ;  34.92776  
09 10:11:46  ;  56.490783333 ;  34.926193333  
09 10:11:51  ;  56.485936667 ;  34.926086667  
09 10:11:56  ;  56.481188333 ;  34.926176667  
09 10:12:01  ;  56.476455 ;  34.926286667  
09 10:12:06  ;  56.471718333 ;  34.926433333  
09 10:12:11  ;  56.46697 ;  34.926501667  
09 10:12:16  ;  56.462221667 ;  34.92627  
09 10:12:21  ;  56.457473333 ;  34.925706667  
09 10:12:26  ;  56.452733333 ;  34.924815  
09 10:12:31  ;  56.448015 ;  34.923608333  
09 10:12:36  ;  56.44331 ;  34.922148333  
09 10:12:41  ;  56.438606667 ;  34.920695  
09 10:12:46  ;  56.433875 ;  34.919516667  
09 10:12:51  ;  56.429128333 ;  34.918743333  
09 10:12:56  ;  56.424378333 ;  34.918396667  
09 10:13:01  ;  56.41963 ;  34.918295  
09 10:13:06  ;  56.414885 ;  34.918255  
09 10:13:11  ;  56.410145 ;  34.918246667  
09 10:13:16  ;  56.405403333 ;  34.918258333  
09 10:13:21  ;  56.400661667 ;  34.918253333  
09 10:13:26  ;  56.395915 ;  34.91823  
09 10:13:31  ;  56.391161667 ;  34.918185  
09 10:13:36  ;  56.386393333 ;  34.918121667  
09 10:13:41  ;  56.381613333 ;  34.918055  
09 10:13:46  ;  56.376811667 ;  34.917986667  
09 10:13:51  ;  56.371993333 ;  34.91773  
09 10:13:56  ;  56.367166667 ;  34.917208333  
09 10:14:01  ;  56.362345 ;  34.916648333  
09 10:14:06  ;  56.357525 ;  34.916111667  
09 10:14:11  ;  56.352691667 ;  34.915603333  
09 10:14:16  ;  56.347848333 ;  34.915123333  
09 10:14:21  ;  56.342996667 ;  34.914665  
09 10:14:26  ;  56.338136667 ;  34.91421  
09 10:14:31  ;  56.333268333 ;  34.913748333  
09 10:14:36  ;  56.328393333 ;  34.913278333  
09 10:14:41  ;  56.32351 ;  34.912811667  
09 10:14:46  ;  56.318616667 ;  34.91236  
09 10:14:51  ;  56.313715 ;  34.911926667  
09 10:14:56  ;  56.308803333 ;  34.9115  
09 10:15:01  ;  56.303883333 ;  34.911071667  
09 10:15:06  ;  56.298953333 ;  34.910636667  
09 10:15:11  ;  56.294021667 ;  34.910201667  
09 10:15:16  ;  56.289083333 ;  34.909771667  
09 10:15:21  ;  56.284136667 ;  34.909345  
09 10:15:26  ;  56.279181667 ;  34.908918333  
09 10:15:31  ;  56.274218333 ;  34.90849  
09 10:15:36  ;  56.269248333 ;  34.908068333  
09 10:15:41  ;  56.264273333 ;  34.907648333  
09 10:15:46  ;  56.25929 ;  34.907228333  
09 10:15:51  ;  56.2543 ;  34.906805  
09 10:15:56  ;  56.249305 ;  34.906368333  
09 10:16:01  ;  56.244306667 ;  34.905925  
09 10:16:06  ;  56.239311667 ;  34.905488333  
09 10:16:11  ;  56.234316667 ;  34.905078333  
09 10:16:16  ;  56.229321667 ;  34.90469  
09 10:16:21  ;  56.224321667 ;  34.904308333  
09 10:16:26  ;  56.219318333 ;  34.903915  
09 10:16:31  ;  56.214315 ;  34.903506667  
09 10:16:36  ;  56.209308333 ;  34.903061667  
09 10:16:41  ;  56.204306667 ;  34.902451667  
09 10:16:46  ;  56.199305 ;  34.901745  
09 10:16:51  ;  56.194306667 ;  34.900891667  
09 10:16:56  ;  56.189315 ;  34.899958333  
09 10:17:01  ;  56.184325 ;  34.899028333  
09 10:17:06  ;  56.179338333 ;  34.8981  
09 10:17:11  ;  56.174346667 ;  34.897181667  
09 10:17:16  ;  56.169351667 ;  34.89628  
09 10:17:21  ;  56.164356667 ;  34.895395  
09 10:17:26  ;  56.159365 ;  34.894515  
09 10:17:31  ;  56.154375 ;  34.893628333  
09 10:17:36  ;  56.149386667 ;  34.892718333  
09 10:17:41  ;  56.144403333 ;  34.89178  
09 10:17:46  ;  56.13942 ;  34.890838333  
09 10:17:51  ;  56.134435 ;  34.889886667  
09 10:17:56  ;  56.129446667 ;  34.888945  
09 10:18:01  ;  56.124451667 ;  34.888021667  
09 10:18:06  ;  56.119448333 ;  34.887105  
09 10:18:11  ;  56.114443333 ;  34.88619  
09 10:18:16  ;  56.109436667 ;  34.885306667  
09 10:18:21  ;  56.10443 ;  34.884455  
09 10:18:26  ;  56.099425 ;  34.883613333  
09 10:18:31  ;  56.09442 ;  34.88276  
09 10:18:36  ;  56.089413333 ;  34.88188  
09 10:18:41  ;  56.08441 ;  34.880985  
09 10:18:46  ;  56.079405 ;  34.880086667  
09 10:18:51  ;  56.07439 ;  34.879208333  
09 10:18:56  ;  56.069373333 ;  34.878356667  
09 10:19:01  ;  56.064353333 ;  34.877651667  
09 10:19:06  ;  56.059335 ;  34.87704  
09 10:19:11  ;  56.054316667 ;  34.876456667  
09 10:19:16  ;  56.049296667 ;  34.875876667  
09 10:19:21  ;  56.044271667 ;  34.875301667  
09 10:19:26  ;  56.039245 ;  34.874715  
09 10:19:31  ;  56.034213333 ;  34.874126667  
09 10:19:36  ;  56.029176667 ;  34.873538333  
09 10:19:41  ;  56.024133333 ;  34.87295  
09 10:19:46  ;  56.019088333 ;  34.872373333  
09 10:19:51  ;  56.014051667 ;  34.871798333  
09 10:19:56  ;  56.009013333 ;  34.871233333  
09 10:20:01  ;  56.003971667 ;  34.870668333  
09 10:20:06  ;  55.99893 ;  34.870101667  
09 10:20:11  ;  55.993885 ;  34.869531667  
09 10:20:16  ;  55.988836667 ;  34.868961667  
09 10:20:21  ;  55.983793333 ;  34.868388333  
09 10:20:26  ;  55.978748333 ;  34.86782  
09 10:20:31  ;  55.973703333 ;  34.867261667  
09 10:20:36  ;  55.968658333 ;  34.866711667  
09 10:20:41  ;  55.963615 ;  34.866163333  
09 10:20:46  ;  55.958568333 ;  34.86562  
09 10:20:51  ;  55.953526667 ;  34.865078333  
09 10:20:56  ;  55.948483333 ;  34.864543333  
09 10:21:01  ;  55.94343 ;  34.86402  
09 10:21:06  ;  55.938375 ;  34.863501667  
09 10:21:11  ;  55.933326667 ;  34.862976667  
09 10:21:16  ;  55.928288333 ;  34.862443333  
09 10:21:21  ;  55.923251667 ;  34.861916667  
09 10:21:26  ;  55.91821 ;  34.86139  
09 10:21:31  ;  55.913165 ;  34.860851667  
09 10:21:36  ;  55.908118333 ;  34.8603  
09 10:21:41  ;  55.90308 ;  34.85974  
09 10:21:46  ;  55.898053333 ;  34.859183333  
09 10:21:51  ;  55.893025 ;  34.858643333  
09 10:21:56  ;  55.887983333 ;  34.85813  
09 10:22:01  ;  55.882938333 ;  34.857626667  
09 10:22:06  ;  55.877898333 ;  34.85712  
09 10:22:11  ;  55.872861667 ;  34.856606667  
09 10:22:16  ;  55.86783 ;  34.856093333  
09 10:22:21  ;  55.862801667 ;  34.855588333  
09 10:22:26  ;  55.857775 ;  34.855098333  
09 10:22:31  ;  55.852733333 ;  34.85463  
09 10:22:36  ;  55.847695 ;  34.854138333  
09 10:22:41  ;  55.842653333 ;  34.853633333  
09 10:22:46  ;  55.837613333 ;  34.853135  
09 10:22:51  ;  55.832578333 ;  34.8529  
09 10:22:56  ;  55.827546667 ;  34.853228333  
09 10:23:01  ;  55.82254 ;  34.85417  
09 10:23:06  ;  55.817598333 ;  34.855731667  
09 10:23:11  ;  55.81275 ;  34.857918333  
09 10:23:16  ;  55.808028333 ;  34.860706667  
09 10:23:21  ;  55.803393333 ;  34.863835  
09 10:23:26  ;  55.798786667 ;  34.867051667  
09 10:23:31  ;  55.7942 ;  34.870333333  
09 10:23:36  ;  55.789611667 ;  34.873621667  
09 10:23:41  ;  55.784965 ;  34.876718333  
09 10:23:46  ;  55.780263333 ;  34.879616667  
09 10:23:51  ;  55.775568333 ;  34.882525  
09 10:23:56  ;  55.770883333 ;  34.885466667  
09 10:24:01  ;  55.766196667 ;  34.888428333  
09 10:24:06  ;  55.761506667 ;  34.891391667  
09 10:24:11  ;  55.756805 ;  34.894345  
09 10:24:16  ;  55.752093333 ;  34.897283333  
09 10:24:21  ;  55.747376667 ;  34.90021  
09 10:24:26  ;  55.742666667 ;  34.903146667  
09 10:24:31  ;  55.737971667 ;  34.906096667  
09 10:24:36  ;  55.733298333 ;  34.909046667  
09 10:24:41  ;  55.728621667 ;  34.912006667  
09 10:24:46  ;  55.723793333 ;  34.915051667  
09 10:24:51  ;  55.718865 ;  34.918116667  
09 10:24:56  ;  55.713868333 ;  34.921226667  
09 10:25:01  ;  55.708805 ;  34.924376667  
09 10:25:06  ;  55.703675 ;  34.92756  
09 10:25:11  ;  55.698481667 ;  34.930808333  
09 10:25:16  ;  55.693228333 ;  34.934136667  
09 10:25:21  ;  55.68792 ;  34.937556667  
09 10:25:26  ;  55.682563333 ;  34.941051667  
09 10:25:31  ;  55.677173333 ;  34.944595  
09 10:25:36  ;  55.67175 ;  34.948155  
09 10:25:41  ;  55.666351667 ;  34.951715  
09 10:25:46  ;  55.661003333 ;  34.955283333  
09 10:25:51  ;  55.655693333 ;  34.958858333  
09 10:25:56  ;  55.650425 ;  34.962421667  
09 10:26:01  ;  55.645198333 ;  34.965945  
09 10:26:06  ;  55.63999 ;  34.969446667  
09 10:26:11  ;  55.634791667 ;  34.972931667  
09 10:26:16  ;  55.629625 ;  34.976385  
09 10:26:21  ;  55.624498333 ;  34.979805  
09 10:26:26  ;  55.619421667 ;  34.983188333  
09 10:26:31  ;  55.614391667 ;  34.98654  
09 10:26:36  ;  55.6094 ;  34.989866667  
09 10:26:41  ;  55.604438333 ;  34.993171667  
09 10:26:46  ;  55.599505 ;  34.996448333  
09 10:26:51  ;  55.5946 ;  34.99969  
09 10:26:56  ;  55.589721667 ;  35.002891667  
09 10:27:01  ;  55.584868333 ;  35.00605  
09 10:27:06  ;  55.580036667 ;  35.009173333  
09 10:27:11  ;  55.575233333 ;  35.012276667  
09 10:27:16  ;  55.570483333 ;  35.015448333  
09 10:27:21  ;  55.565858333 ;  35.018953333  
09 10:27:26  ;  55.561366667 ;  35.022853333  
09 10:27:31  ;  55.557041667 ;  35.027238333  
09 10:27:36  ;  55.55312 ;  35.032506667  
09 10:27:41  ;  55.550008333 ;  35.03918  
09 10:27:46  ;  55.548221667 ;  35.047093333  
09 10:27:51  ;  55.547443333 ;  35.055245  
09 10:27:56  ;  55.548016667 ;  35.06304  
09 10:28:01  ;  55.549776667 ;  35.070343333  
09 10:28:06  ;  55.55159 ;  35.07732  
09 10:28:11  ;  55.553385 ;  35.084211667  
09 10:28:16  ;  55.555173333 ;  35.0911  
09 10:28:21  ;  55.556941667 ;  35.098011667  
09 10:28:26  ;  55.55866 ;  35.104981667  
09 10:28:31  ;  55.560236667 ;  35.112088333  
09 10:28:36  ;  55.561745 ;  35.119253333  
09 10:28:41  ;  55.563271667 ;  35.126396667  
09 10:28:46  ;  55.564803333 ;  35.133531667  
09 10:28:51  ;  55.566338333 ;  35.140663333  
09 10:28:56  ;  55.567873333 ;  35.1478  
09 10:29:01  ;  55.569403333 ;  35.154945  
09 10:29:06  ;  55.57093 ;  35.16209  
09 10:29:11  ;  55.572458333 ;  35.169228333  
09 10:29:16  ;  55.573995 ;  35.176361667  
09 10:29:21  ;  55.575491667 ;  35.183528333  
09 10:29:26  ;  55.576931667 ;  35.190736667  
09 10:29:31  ;  55.57832 ;  35.19798  
09 10:29:36  ;  55.579685 ;  35.205231667  
09 10:29:41  ;  55.581058333 ;  35.212468333  
09 10:29:46  ;  55.582443333 ;  35.21969  
09 10:29:51  ;  55.583841667 ;  35.226905  
09 10:29:56  ;  55.585246667 ;  35.234116667  
09 10:30:01  ;  55.586646667 ;  35.241326667  
09 10:30:06  ;  55.588041667 ;  35.248533333  
09 10:30:11  ;  55.589428333 ;  35.255731667  
09 10:30:16  ;  55.590815 ;  35.262913333  
09 10:30:21  ;  55.592206667 ;  35.270083333  
09 10:30:26  ;  55.593601667 ;  35.27725  
09 10:30:31  ;  55.594996667 ;  35.284415  
09 10:30:36  ;  55.596395 ;  35.29158  
09 10:30:41  ;  55.597791667 ;  35.298745  
09 10:30:46  ;  55.59919 ;  35.3059  
09 10:30:51  ;  55.600585 ;  35.313043333  
09 10:30:56  ;  55.601995 ;  35.320181667  
09 10:31:01  ;  55.603411667 ;  35.327325  
09 10:31:06  ;  55.604828333 ;  35.334471667  
09 10:31:11  ;  55.60625 ;  35.341613333  
09 10:31:16  ;  55.607661667 ;  35.348743333  
09 10:31:21  ;  55.60907 ;  35.355866667  
09 10:31:26  ;  55.610478333 ;  35.362988333  
09 10:31:31  ;  55.611883333 ;  35.370113333  
09 10:31:36  ;  55.613281667 ;  35.377246667  
09 10:31:41  ;  55.614681667 ;  35.384388333  
09 10:31:46  ;  55.616075 ;  35.391531667  
09 10:31:51  ;  55.617468333 ;  35.39867  
09 10:31:56  ;  55.618861667 ;  35.405803333  
09 10:32:01  ;  55.62025 ;  35.412945  
09 10:32:06  ;  55.621555 ;  35.420148333  
09 10:32:11  ;  55.622731667 ;  35.427428333  
09 10:32:16  ;  55.623881667 ;  35.434715  
09 10:32:21  ;  55.62504 ;  35.441985  
09 10:32:26  ;  55.626208333 ;  35.449241667  
09 10:32:31  ;  55.62739 ;  35.456498333  
09 10:32:36  ;  55.628573333 ;  35.46376  
09 10:32:41  ;  55.629743333 ;  35.471031667  
09 10:32:46  ;  55.630908333 ;  35.478308333  
09 10:32:51  ;  55.632065 ;  35.48559  
09 10:32:56  ;  55.633226667 ;  35.492866667  
09 10:33:01  ;  55.634395 ;  35.50013  
09 10:33:06  ;  55.635573333 ;  35.507386667  
09 10:33:11  ;  55.636761667 ;  35.514648333  
09 10:33:16  ;  55.63794 ;  35.521925  
09 10:33:21  ;  55.639098333 ;  35.529206667  
09 10:33:26  ;  55.640251667 ;  35.536486667  
09 10:33:31  ;  55.641406667 ;  35.543761667  
09 10:33:36  ;  55.642566667 ;  35.551031667  
09 10:33:41  ;  55.643735 ;  35.5583  
09 10:33:46  ;  55.644905 ;  35.565575  
09 10:33:51  ;  55.646068333 ;  35.57286  
09 10:33:56  ;  55.647221667 ;  35.580151667  
09 10:34:01  ;  55.64837 ;  35.587438333  
09 10:34:06  ;  55.649518333 ;  35.59471  
09 10:34:11  ;  55.65068 ;  35.601973333  
09 10:34:16  ;  55.651848333 ;  35.609236667  
09 10:34:21  ;  55.653015 ;  35.616506667  
09 10:34:26  ;  55.654181667 ;  35.623781667  
09 10:34:31  ;  55.655338333 ;  35.631063333  
09 10:34:36  ;  55.656481667 ;  35.638343333  
09 10:34:41  ;  55.657615 ;  35.645616667  
09 10:34:46  ;  55.65875 ;  35.652886667  
09 10:34:51  ;  55.659886667 ;  35.660158333  
09 10:34:56  ;  55.661023333 ;  35.66744  
09 10:35:01  ;  55.66215 ;  35.67473  
09 10:35:06  ;  55.663271667 ;  35.682023333  
09 10:35:11  ;  55.66439 ;  35.689316667  
09 10:35:16  ;  55.66551 ;  35.69661  
09 10:35:21  ;  55.666638333 ;  35.703905  
09 10:35:26  ;  55.66777 ;  35.711201667  
09 10:35:31  ;  55.668895 ;  35.718503333  
09 10:35:36  ;  55.67001 ;  35.725806667  
09 10:35:41  ;  55.671121667 ;  35.733103333  
09 10:35:46  ;  55.672231667 ;  35.740388333  
09 10:35:51  ;  55.673345 ;  35.747666667  
09 10:35:56  ;  55.674458333 ;  35.754941667  
09 10:36:01  ;  55.675578333 ;  35.76222  
09 10:36:06  ;  55.676696667 ;  35.769501667  
09 10:36:11  ;  55.677818333 ;  35.776781667  
09 10:36:16  ;  55.678941667 ;  35.784053333  
09 10:36:21  ;  55.680065 ;  35.791311667  
09 10:36:26  ;  55.681191667 ;  35.798558333  
09 10:36:31  ;  55.682316667 ;  35.805795  
09 10:36:36  ;  55.683448333 ;  35.813028333  
09 10:36:41  ;  55.684583333 ;  35.820271667  
09 10:36:46  ;  55.685715 ;  35.827525  
09 10:36:51  ;  55.686843333 ;  35.834771667  
09 10:36:56  ;  55.687968333 ;  35.842005  
09 10:37:01  ;  55.689096667 ;  35.84924  
09 10:37:06  ;  55.690223333 ;  35.856486667  
09 10:37:11  ;  55.691341667 ;  35.86375  
09 10:37:16  ;  55.692448333 ;  35.871016667  
09 10:37:21  ;  55.693548333 ;  35.878273333  
09 10:37:26  ;  55.694646667 ;  35.885523333  
09 10:37:31  ;  55.695748333 ;  35.892771667  
09 10:37:36  ;  55.69685 ;  35.900013333  
09 10:37:41  ;  55.697951667 ;  35.907255  
09 10:37:46  ;  55.699048333 ;  35.914501667  
09 10:37:51  ;  55.700136667 ;  35.921751667  
09 10:37:56  ;  55.701216667 ;  35.928998333  
09 10:38:01  ;  55.702291667 ;  35.936238333  
09 10:38:06  ;  55.703365 ;  35.943471667  
09 10:38:11  ;  55.70445 ;  35.950696667  
09 10:38:16  ;  55.705625 ;  35.95786  
09 10:38:21  ;  55.70691 ;  35.964941667  
09 10:38:26  ;  55.708246667 ;  35.971971667  
09 10:38:31  ;  55.709631667 ;  35.978956667  
09 10:38:36  ;  55.711043333 ;  35.985913333  
09 10:38:41  ;  55.712458333 ;  35.992866667  
09 10:38:46  ;  55.713871667 ;  35.999825  
09 10:38:51  ;  55.71527 ;  36.006805  
09 10:38:56  ;  55.716646667 ;  36.0138  
09 10:39:01  ;  55.718018333 ;  36.020791667  
09 10:39:06  ;  55.719396667 ;  36.027765  
09 10:39:11  ;  55.720776667 ;  36.034723333  
09 10:39:16  ;  55.722161667 ;  36.04168  
09 10:39:21  ;  55.723543333 ;  36.048646667  
09 10:39:26  ;  55.724918333 ;  36.055626667  
09 10:39:31  ;  55.726288333 ;  36.062618333  
09 10:39:36  ;  55.727655 ;  36.069623333  
09 10:39:41  ;  55.728981667 ;  36.076656667  
09 10:39:46  ;  55.73026 ;  36.08372  
09 10:39:51  ;  55.731545 ;  36.090775  
09 10:39:56  ;  55.73284 ;  36.097826667  
09 10:40:01  ;  55.73414 ;  36.10487  
09 10:40:06  ;  55.735445 ;  36.111906667  
09 10:40:11  ;  55.736748333 ;  36.118941667  
09 10:40:16  ;  55.738045 ;  36.125976667  
09 10:40:21  ;  55.739331667 ;  36.133013333  
09 10:40:26  ;  55.74062 ;  36.140055  
09 10:40:31  ;  55.741923333 ;  36.1471  
09 10:40:36  ;  55.743231667 ;  36.154151667  
09 10:40:41  ;  55.744546667 ;  36.161201667  
09 10:40:46  ;  55.745858333 ;  36.168243333  
09 10:40:51  ;  55.747176667 ;  36.175275  
09 10:40:56  ;  55.748498333 ;  36.182296667  
09 10:41:01  ;  55.749823333 ;  36.189315  
09 10:41:06  ;  55.751151667 ;  36.196331667  
09 10:41:11  ;  55.752483333 ;  36.203353333  
09 10:41:16  ;  55.753811667 ;  36.210378333  
09 10:41:21  ;  55.75512 ;  36.217411667  
09 10:41:26  ;  55.756393333 ;  36.224481667  
09 10:41:31  ;  55.757615 ;  36.231586667  
09 10:41:36  ;  55.758808333 ;  36.238701667  
09 10:41:41  ;  55.760018333 ;  36.245798333  
09 10:41:46  ;  55.761246667 ;  36.252885  
09 10:41:51  ;  55.762485 ;  36.25997  
09 10:41:56  ;  55.763726667 ;  36.267065  
09 10:42:01  ;  55.764966667 ;  36.274165  
09 10:42:06  ;  55.766201667 ;  36.281263333  
09 10:42:11  ;  55.767433333 ;  36.288356667  
09 10:42:16  ;  55.76867 ;  36.295445  
09 10:42:21  ;  55.76991 ;  36.302536667  
09 10:42:26  ;  55.77115 ;  36.309638333  
09 10:42:31  ;  55.77239 ;  36.316751667  
09 10:42:36  ;  55.77363 ;  36.323868333  
09 10:42:41  ;  55.774875 ;  36.330976667  
09 10:42:46  ;  55.776126667 ;  36.33808  
09 10:42:51  ;  55.777385 ;  36.345188333  
09 10:42:56  ;  55.778643333 ;  36.35231  
09 10:43:01  ;  55.7799 ;  36.359446667  
09 10:43:06  ;  55.781148333 ;  36.366598333  
09 10:43:11  ;  55.782396667 ;  36.373755  
09 10:43:16  ;  55.783638333 ;  36.380908333  
09 10:43:21  ;  55.784886667 ;  36.388056667  
09 10:43:26  ;  55.786135 ;  36.395203333  
09 10:43:31  ;  55.787375 ;  36.402351667  
09 10:43:36  ;  55.78861 ;  36.409503333  
09 10:43:41  ;  55.789836667 ;  36.416651667  
09 10:43:46  ;  55.791063333 ;  36.423788333  
09 10:43:51  ;  55.792278333 ;  36.430923333  
09 10:43:56  ;  55.79334 ;  36.43815  
09 10:44:01  ;  55.794071667 ;  36.445558333  
09 10:44:06  ;  55.794391667 ;  36.453108333  
09 10:44:11  ;  55.794291667 ;  36.46072  
09 10:44:16  ;  55.793758333 ;  36.468318333  
09 10:44:21  ;  55.792808333 ;  36.475838333  
09 10:44:26  ;  55.79147 ;  36.48322  
09 10:44:31  ;  55.789773333 ;  36.490421667  
09 10:44:36  ;  55.787813333 ;  36.497436667  
09 10:44:41  ;  55.785666667 ;  36.504335  
09 10:44:46  ;  55.783505 ;  36.511208333  
09 10:44:51  ;  55.78138 ;  36.518093333  
09 10:44:56  ;  55.779275 ;  36.524985  
09 10:45:01  ;  55.777183333 ;  36.531888333  
09 10:45:06  ;  55.7751 ;  36.538806667  
09 10:45:11  ;  55.773015 ;  36.545735  
09 10:45:16  ;  55.770926667 ;  36.55267  
09 10:45:21  ;  55.768833333 ;  36.559601667  
09 10:45:26  ;  55.76674 ;  36.566535  
09 10:45:31  ;  55.764651667 ;  36.573478333  
09 10:45:36  ;  55.76254 ;  36.580403333  
09 10:45:41  ;  55.760378333 ;  36.587285  
09 10:45:46  ;  55.758163333 ;  36.594121667  
09 10:45:51  ;  55.7559 ;  36.60093  
09 10:45:56  ;  55.75359 ;  36.607703333  
09 10:46:01  ;  55.751225 ;  36.614431667  
09 10:46:06  ;  55.748818333 ;  36.621123333  
09 10:46:11  ;  55.746413333 ;  36.627806667  
09 10:46:16  ;  55.744015 ;  36.634486667  
09 10:46:21  ;  55.74163 ;  36.641166667  
09 10:46:26  ;  55.739256667 ;  36.647855  
09 10:46:31  ;  55.736888333 ;  36.654553333  
09 10:46:36  ;  55.73452 ;  36.661256667  
09 10:46:41  ;  55.732146667 ;  36.667961667  
09 10:46:46  ;  55.729766667 ;  36.674666667  
09 10:46:51  ;  55.727385 ;  36.681368333  
09 10:46:56  ;  55.725006667 ;  36.688068333  
09 10:47:01  ;  55.722635 ;  36.694773333  
09 10:47:06  ;  55.720261667 ;  36.701486667  
09 10:47:11  ;  55.717893333 ;  36.708216667  
09 10:47:16  ;  55.715605 ;  36.71503  
09 10:47:21  ;  55.713455 ;  36.721961667  
09 10:47:26  ;  55.711376667 ;  36.728958333  
09 10:47:31  ;  55.709316667 ;  36.735975  
09 10:47:36  ;  55.707256667 ;  36.743006667  
09 10:47:41  ;  55.705186667 ;  36.750046667  
09 10:47:46  ;  55.703108333 ;  36.757081667  
09 10:47:51  ;  55.701021667 ;  36.764105  
09 10:47:56  ;  55.698928333 ;  36.771116667  
09 10:48:01  ;  55.69683 ;  36.778128333  
09 10:48:06  ;  55.69474 ;  36.785148333  
09 10:48:11  ;  55.692713333 ;  36.79222  
09 10:48:16  ;  55.690761667 ;  36.799346667  
09 10:48:21  ;  55.688835 ;  36.806486667  
09 10:48:26  ;  55.686911667 ;  36.81363  
09 10:48:31  ;  55.684983333 ;  36.820768333  
09 10:48:36  ;  55.683046667 ;  36.8279  
09 10:48:41  ;  55.6811 ;  36.835016667  
09 10:48:46  ;  55.679173333 ;  36.84214  
09 10:48:51  ;  55.677255 ;  36.849265  
09 10:48:56  ;  55.675338333 ;  36.856386667  
09 10:49:01  ;  55.673421667 ;  36.863508333  
09 10:49:06  ;  55.671508333 ;  36.870635  
09 10:49:11  ;  55.669591667 ;  36.877766667  
09 10:49:16  ;  55.667676667 ;  36.884905  
09 10:49:21  ;  55.665758333 ;  36.892048333  
09 10:49:26  ;  55.663835 ;  36.899195  
09 10:49:31  ;  55.661913333 ;  36.906341667  
09 10:49:36  ;  55.659995 ;  36.913493333  
09 10:49:41  ;  55.658081667 ;  36.920651667  
09 10:49:46  ;  55.65617 ;  36.927818333  
09 10:49:51  ;  55.654256667 ;  36.93499  
09 10:49:56  ;  55.652323333 ;  36.942155  
09 10:50:01  ;  55.650341667 ;  36.949288333  
09 10:50:06  ;  55.648268333 ;  36.956355  
09 10:50:11  ;  55.646051667 ;  36.963315  
09 10:50:16  ;  55.643678333 ;  36.970123333  
09 10:50:21  ;  55.641125 ;  36.976728333  
09 10:50:26  ;  55.638415 ;  36.983131667  
09 10:50:31  ;  55.635515 ;  36.989298333  
09 10:50:36  ;  55.63239 ;  36.995141667  
09 10:50:41  ;  55.62908 ;  37.000701667  
09 10:50:46  ;  55.625716667 ;  37.006178333  
09 10:50:51  ;  55.62236 ;  37.011648333  
09 10:50:56  ;  55.619011667 ;  37.01713  
09 10:51:01  ;  55.615665 ;  37.022638333  
09 10:51:06  ;  55.612323333 ;  37.028173333  
09 10:51:11  ;  55.608985 ;  37.03373  
09 10:51:16  ;  55.605653333 ;  37.03929  
09 10:51:21  ;  55.602328333 ;  37.044846667  
09 10:51:26  ;  55.599005 ;  37.050395  
09 10:51:31  ;  55.595683333 ;  37.055938333  
09 10:51:36  ;  55.592363333 ;  37.06148  
09 10:51:41  ;  55.589045 ;  37.067023333  
09 10:51:46  ;  55.585721667 ;  37.072571667  
09 10:51:51  ;  55.582391667 ;  37.078125  
09 10:51:56  ;  55.579053333 ;  37.083678333  
09 10:52:01  ;  55.575701667 ;  37.089223333  
09 10:52:06  ;  55.572346667 ;  37.094761667  
09 10:52:11  ;  55.568993333 ;  37.100295  
09 10:52:16  ;  55.565646667 ;  37.105836667  
09 10:52:21  ;  55.562306667 ;  37.111391667  
09 10:52:26  ;  55.558968333 ;  37.11696  
09 10:52:31  ;  55.555625 ;  37.12253  
09 10:52:36  ;  55.552273333 ;  37.128095  
09 10:52:41  ;  55.548921667 ;  37.13366  
09 10:52:46  ;  55.545615 ;  37.139286667  
09 10:52:51  ;  55.542388333 ;  37.145036667  
09 10:52:56  ;  55.539248333 ;  37.150915  
09 10:53:01  ;  55.536171667 ;  37.15688  
09 10:53:06  ;  55.533118333 ;  37.162893333  
09 10:53:11  ;  55.530071667 ;  37.16892  
09 10:53:16  ;  55.527018333 ;  37.174936667  
09 10:53:21  ;  55.523958333 ;  37.18094  
09 10:53:26  ;  55.520891667 ;  37.186931667  
09 10:53:31  ;  55.517815 ;  37.19291  
09 10:53:36  ;  55.514731667 ;  37.198873333  
09 10:53:41  ;  55.511643333 ;  37.204825  
09 10:53:46  ;  55.508553333 ;  37.210771667  
09 10:53:51  ;  55.505468333 ;  37.21672  
09 10:53:56  ;  55.502386667 ;  37.222666667  
09 10:54:01  ;  55.499305 ;  37.228613333  
09 10:54:06  ;  55.496223333 ;  37.234565  
09 10:54:11  ;  55.49314 ;  37.240523333  
09 10:54:16  ;  55.490055 ;  37.246486667  
09 10:54:21  ;  55.48697 ;  37.25245  
09 10:54:26  ;  55.483878333 ;  37.258415  
09 10:54:31  ;  55.480778333 ;  37.26438  
09 10:54:36  ;  55.477673333 ;  37.270351667  
09 10:54:41  ;  55.47456 ;  37.276325  
09 10:54:46  ;  55.471446667 ;  37.282301667  
09 10:54:51  ;  55.468328333 ;  37.28828  
09 10:54:56  ;  55.46521 ;  37.294255  
09 10:55:01  ;  55.462088333 ;  37.300223333  
09 10:55:06  ;  55.458965 ;  37.306185  
09 10:55:11  ;  55.45584 ;  37.312145  
09 10:55:16  ;  55.452725 ;  37.318078333  
09 10:55:21  ;  55.449613333 ;  37.324001667  
09 10:55:26  ;  55.446501667 ;  37.329921667  
09 10:55:31  ;  55.44339 ;  37.335845  
09 10:55:36  ;  55.440273333 ;  37.341766667  
09 10:55:41  ;  55.437146667 ;  37.347681667  
09 10:55:46  ;  55.434018333 ;  37.353598333  
09 10:55:51  ;  55.430888333 ;  37.359515  
09 10:55:56  ;  55.427756667 ;  37.36543  
09 10:56:01  ;  55.42463 ;  37.371345  
09 10:56:06  ;  55.421501667 ;  37.377253333  
09 10:56:11  ;  55.418376667 ;  37.383163333  
09 10:56:16  ;  55.415251667 ;  37.389081667  
09 10:56:21  ;  55.412123333 ;  37.395011667  
09 10:56:26  ;  55.408986667 ;  37.400945  
09 10:56:31  ;  55.405845 ;  37.406885  
09 10:56:36  ;  55.402698333 ;  37.412825  
09 10:56:41  ;  55.399548333 ;  37.41876  
09 10:56:46  ;  55.396405 ;  37.424695  
09 10:56:51  ;  55.393295 ;  37.43067  
09 10:56:56  ;  55.390243333 ;  37.436726667  
09 10:57:01  ;  55.387236667 ;  37.442843333  
09 10:57:06  ;  55.38424 ;  37.448985  
09 10:57:11  ;  55.381245 ;  37.455135  
09 10:57:16  ;  55.37824 ;  37.461281667  
09 10:57:21  ;  55.375233333 ;  37.467418333  
09 10:57:26  ;  55.372228333 ;  37.473521667  
09 10:57:31  ;  55.369216667 ;  37.479645  
09 10:57:36  ;  55.3662 ;  37.485778333  
09 10:57:41  ;  55.363183333 ;  37.491918333  
09 10:57:46  ;  55.36017 ;  37.498063333  
09 10:57:51  ;  55.357161667 ;  37.504206667  
09 10:57:56  ;  55.35416 ;  37.510356667  
09 10:58:01  ;  55.351171667 ;  37.516526667  
09 10:58:06  ;  55.348196667 ;  37.522711667  
09 10:58:11  ;  55.345285 ;  37.52897  
09 10:58:16  ;  55.342591667 ;  37.535485  
09 10:58:21  ;  55.340208333 ;  37.542328333  
09 10:58:26  ;  55.338165 ;  37.549473333  
09 10:58:31  ;  55.33633 ;  37.556778333  
09 10:58:36  ;  55.334558333 ;  37.564103333  
09 10:58:41  ;  55.332798333 ;  37.571428333  
09 10:58:46  ;  55.331031667 ;  37.578753333  
09 10:58:51  ;  55.329256667 ;  37.586075  
09 10:58:56  ;  55.32747 ;  37.593386667  
09 10:59:01  ;  55.325675 ;  37.600688333  
09 10:59:06  ;  55.323873333 ;  37.607985  
09 10:59:11  ;  55.32207 ;  37.615271667  
09 10:59:16  ;  55.320261667 ;  37.62256  
09 10:59:21  ;  55.318448333 ;  37.629846667  
09 10:59:26  ;  55.316631667 ;  37.637138333  
09 10:59:31  ;  55.314818333 ;  37.644433333  
09 10:59:36  ;  55.313003333 ;  37.651735  
09 10:59:41  ;  55.311181667 ;  37.659041667  
09 10:59:46  ;  55.309351667 ;  37.666345  
09 10:59:51  ;  55.307518333 ;  37.673651667  
09 10:59:56  ;  55.305685 ;  37.68096  
09 11:00:01  ;  55.303851667 ;  37.688276667  
09 11:00:06  ;  55.302016667 ;  37.695605  
09 11:00:11  ;  55.30017 ;  37.70293  
09 11:00:16  ;  55.298311667 ;  37.710248333  
09 11:00:21  ;  55.296453333 ;  37.71755  
09 11:00:26  ;  55.294606667 ;  37.724825  
09 11:00:31  ;  55.292776667 ;  37.732075  
09 11:00:36  ;  55.290955 ;  37.739301667  
09 11:00:41  ;  55.289133333 ;  37.746501667  
09 11:00:46  ;  55.287356667 ;  37.753703333  
09 11:00:51  ;  55.285656667 ;  37.760931667  
09 11:00:56  ;  55.284033333 ;  37.768186667  
09 11:01:01  ;  55.282448333 ;  37.775446667  
09 11:01:06  ;  55.280926667 ;  37.78272  
09 11:01:11  ;  55.279453333 ;  37.790001667  
09 11:01:16  ;  55.278 ;  37.797275  
09 11:01:21  ;  55.27655 ;  37.804535  
09 11:01:26  ;  55.275093333 ;  37.811771667  
09 11:01:31  ;  55.27363 ;  37.818976667  
09 11:01:36  ;  55.272153333 ;  37.826143333  
09 11:01:41  ;  55.270663333 ;  37.833268333  
09 11:01:46  ;  55.26915 ;  37.840356667  
09 11:01:51  ;  55.267613333 ;  37.847416667  
09 11:01:56  ;  55.266061667 ;  37.854466667  
09 11:02:01  ;  55.264515 ;  37.86153  
09 11:02:06  ;  55.262985 ;  37.8686  
09 11:02:11  ;  55.261468333 ;  37.875671667  
09 11:02:16  ;  55.259931667 ;  37.882711667  
09 11:02:21  ;  55.258353333 ;  37.889706667  
09 11:02:26  ;  55.25672 ;  37.896648333  
09 11:02:31  ;  55.255035 ;  37.903538333  
09 11:02:36  ;  55.253285 ;  37.910388333  
09 11:02:41  ;  55.251486667 ;  37.917216667  
09 11:02:46  ;  55.249691667 ;  37.92405  
09 11:02:51  ;  55.247905 ;  37.930885  
09 11:02:56  ;  55.246128333 ;  37.937723333  
09 11:03:01  ;  55.244371667 ;  37.944555  
09 11:03:06  ;  55.242635 ;  37.951375  
09 11:03:11  ;  55.24091 ;  37.958206667  
09 11:03:16  ;  55.23918 ;  37.96505  
09 11:03:21  ;  55.237446667 ;  37.971893333  
09 11:03:26  ;  55.235701667 ;  37.978725  
09 11:03:31  ;  55.23395 ;  37.985546667  
09 11:03:36  ;  55.232203333 ;  37.99237  
09 11:03:41  ;  55.230455 ;  37.999208333  
09 11:03:46  ;  55.228708333 ;  38.006048333  
09 11:03:51  ;  55.226961667 ;  38.01288  
09 11:03:56  ;  55.225208333 ;  38.019688333  
09 11:04:01  ;  55.223448333 ;  38.026476667  
09 11:04:06  ;  55.22169 ;  38.03325  
09 11:04:11  ;  55.219951667 ;  38.040028333  
09 11:04:16  ;  55.218198333 ;  38.046863333  
09 11:04:21  ;  55.216436667 ;  38.05373  
09 11:04:26  ;  55.214663333 ;  38.060613333  
09 11:04:31  ;  55.212875 ;  38.067515  
09 11:04:36  ;  55.211078333 ;  38.074435  
09 11:04:41  ;  55.209295 ;  38.081355  
09 11:04:46  ;  55.2075 ;  38.08831  
09 11:04:51  ;  55.205721667 ;  38.095296667  
09 11:04:56  ;  55.203945 ;  38.102318333  
09 11:05:01  ;  55.202178333 ;  38.109366667  
09 11:05:06  ;  55.200423333 ;  38.116428333  
09 11:05:11  ;  55.19866 ;  38.1235  
09 11:05:16  ;  55.196876667 ;  38.13057  
09 11:05:21  ;  55.195096667 ;  38.137645  
09 11:05:26  ;  55.193336667 ;  38.144756667  
09 11:05:31  ;  55.19159 ;  38.151896667  
09 11:05:36  ;  55.189856667 ;  38.159053333  
09 11:05:41  ;  55.188135 ;  38.166221667  
09 11:05:46  ;  55.186413333 ;  38.173403333  
09 11:05:51  ;  55.184688333 ;  38.180595  
09 11:05:56  ;  55.182943333 ;  38.187801667  
09 11:06:01  ;  55.18119 ;  38.195  
09 11:06:06  ;  55.179416667 ;  38.202206667  
09 11:06:11  ;  55.177643333 ;  38.20943  
09 11:06:16  ;  55.175881667 ;  38.216668333  
09 11:06:21  ;  55.174133333 ;  38.22394  
09 11:06:26  ;  55.172393333 ;  38.231215  
09 11:06:31  ;  55.170661667 ;  38.238491667  
09 11:06:36  ;  55.168935 ;  38.245786667  
09 11:06:41  ;  55.16714 ;  38.253038333  
09 11:06:46  ;  55.165166667 ;  38.260175  
09 11:06:51  ;  55.162976667 ;  38.267171667  
09 11:06:56  ;  55.160598333 ;  38.274005  
09 11:07:01  ;  55.157998333 ;  38.280635  
09 11:07:06  ;  55.155173333 ;  38.287023333  
09 11:07:11  ;  55.152171667 ;  38.293195  
09 11:07:16  ;  55.149001667 ;  38.299178333  
09 11:07:21  ;  55.145791667 ;  38.305098333  
09 11:07:26  ;  55.142586667 ;  38.31103  
09 11:07:31  ;  55.139428333 ;  38.317035  
09 11:07:36  ;  55.136288333 ;  38.323073333  
09 11:07:41  ;  55.133193333 ;  38.329178333  
09 11:07:46  ;  55.130183333 ;  38.335418333  
09 11:07:51  ;  55.127256667 ;  38.341786667  
09 11:07:56  ;  55.124378333 ;  38.34821  
09 11:08:01  ;  55.121513333 ;  38.354645  
09 11:08:06  ;  55.118648333 ;  38.361086667  
09 11:08:11  ;  55.115778333 ;  38.36753  
09 11:08:16  ;  55.112905 ;  38.373968333  
09 11:08:21  ;  55.110026667 ;  38.380385  
09 11:08:26  ;  55.107148333 ;  38.386776667  
09 11:08:31  ;  55.10427 ;  38.393148333  
09 11:08:36  ;  55.101395 ;  38.399506667  
09 11:08:41  ;  55.098518333 ;  38.405855  
09 11:08:46  ;  55.09564 ;  38.412188333  
09 11:08:51  ;  55.092761667 ;  38.418501667  
09 11:08:56  ;  55.089881667 ;  38.424795  
09 11:09:01  ;  55.087006667 ;  38.431076667  
09 11:09:06  ;  55.084133333 ;  38.43736  
09 11:09:11  ;  55.08126 ;  38.443653333  
09 11:09:16  ;  55.078383333 ;  38.449943333  
09 11:09:21  ;  55.07551 ;  38.456226667  
09 11:09:26  ;  55.072638333 ;  38.462498333  
09 11:09:31  ;  55.069778333 ;  38.468753333  
09 11:09:36  ;  55.06693 ;  38.474988333  
09 11:09:41  ;  55.064096667 ;  38.481208333  
09 11:09:46  ;  55.061268333 ;  38.487425  
09 11:09:51  ;  55.058441667 ;  38.493635  
09 11:09:56  ;  55.055626667 ;  38.499833333  
09 11:10:01  ;  55.052815 ;  38.506026667  
09 11:10:06  ;  55.049995 ;  38.51221  
09 11:10:11  ;  55.04717 ;  38.518388333  
09 11:10:16  ;  55.044341667 ;  38.524558333  
09 11:10:21  ;  55.041515 ;  38.53072  
09 11:10:26  ;  55.03869 ;  38.536875  
09 11:10:31  ;  55.035866667 ;  38.543028333  
09 11:10:36  ;  55.033051667 ;  38.549173333  
09 11:10:41  ;  55.03024 ;  38.555315  
09 11:10:46  ;  55.027433333 ;  38.561455  
09 11:10:51  ;  55.024703333 ;  38.567676667  
09 11:10:56  ;  55.022105 ;  38.574038333  
09 11:11:01  ;  55.019553333 ;  38.580451667  
09 11:11:06  ;  55.017011667 ;  38.586861667  
09 11:11:11  ;  55.014471667 ;  38.593255  
09 11:11:16  ;  55.01193 ;  38.599633333  
09 11:11:21  ;  55.009381667 ;  38.605996667  
09 11:11:26  ;  55.006826667 ;  38.61234  
09 11:11:31  ;  55.004266667 ;  38.618666667  
09 11:11:36  ;  55.001713333 ;  38.62499  
09 11:11:41  ;  54.999163333 ;  38.631308333  
09 11:11:46  ;  54.996623333 ;  38.637628333  
09 11:11:51  ;  54.994086667 ;  38.643945  
09 11:11:56  ;  54.991551667 ;  38.65026  
09 11:12:01  ;  54.989011667 ;  38.656573333  
09 11:12:06  ;  54.98646 ;  38.662891667  
09 11:12:11  ;  54.983895 ;  38.669216667  
09 11:12:16  ;  54.981328333 ;  38.675541667  
09 11:12:21  ;  54.978768333 ;  38.681871667  
09 11:12:26  ;  54.97622 ;  38.68821  
09 11:12:31  ;  54.973678333 ;  38.694553333  
09 11:12:36  ;  54.97114 ;  38.700898333  
09 11:12:41  ;  54.968595 ;  38.707231667  
09 11:12:46  ;  54.966055 ;  38.713551667  
09 11:12:51  ;  54.963515 ;  38.719863333  
09 11:12:56  ;  54.960976667 ;  38.726175  
09 11:13:01  ;  54.958428333 ;  38.732485  
09 11:13:06  ;  54.95587 ;  38.738788333  
09 11:13:11  ;  54.95331 ;  38.74508  
09 11:13:16  ;  54.950748333 ;  38.751375  
09 11:13:21  ;  54.948185 ;  38.757675  
09 11:13:26  ;  54.945623333 ;  38.763966667  
09 11:13:31  ;  54.943063333 ;  38.770245  
09 11:13:36  ;  54.940503333 ;  38.776523333  
09 11:13:41  ;  54.937941667 ;  38.78279  
09 11:13:46  ;  54.935371667 ;  38.789056667  
09 11:13:51  ;  54.932798333 ;  38.795321667  
09 11:13:56  ;  54.930225 ;  38.801573333  
09 11:14:01  ;  54.927661667 ;  38.807815  
09 11:14:06  ;  54.92511 ;  38.814051667  
09 11:14:11  ;  54.92256 ;  38.820293333  
09 11:14:16  ;  54.92001 ;  38.826543333  
09 11:14:21  ;  54.917455 ;  38.832791667  
09 11:14:26  ;  54.914898333 ;  38.839031667  
09 11:14:31  ;  54.91234 ;  38.845265  
09 11:14:36  ;  54.909781667 ;  38.851493333  
09 11:14:41  ;  54.907223333 ;  38.857713333  
09 11:14:46  ;  54.90466 ;  38.86393  
09 11:14:51  ;  54.902093333 ;  38.87014  
09 11:14:56  ;  54.899523333 ;  38.876338333  
09 11:15:01  ;  54.896948333 ;  38.882523333  
09 11:15:06  ;  54.894371667 ;  38.888705  
09 11:15:11  ;  54.891795 ;  38.894875  
09 11:15:16  ;  54.889225 ;  38.901046667  
09 11:15:21  ;  54.886648333 ;  38.907228333  
09 11:15:26  ;  54.88407 ;  38.91341  
09 11:15:31  ;  54.8815 ;  38.91957  
09 11:15:36  ;  54.878941667 ;  38.925711667  
09 11:15:41  ;  54.876388333 ;  38.931851667  
09 11:15:46  ;  54.87383 ;  38.938003333  
09 11:15:51  ;  54.871268333 ;  38.944156667  
09 11:15:56  ;  54.868705 ;  38.950306667  
09 11:16:01  ;  54.866141667 ;  38.956455  
09 11:16:06  ;  54.863576667 ;  38.962601667  
09 11:16:11  ;  54.861015 ;  38.96875  
09 11:16:16  ;  54.858456667 ;  38.974895  
09 11:16:21  ;  54.85591 ;  38.981038333  
09 11:16:26  ;  54.853365 ;  38.987183333  
09 11:16:31  ;  54.850815 ;  38.993333333  
09 11:16:36  ;  54.84826 ;  38.99948  
09 11:16:41  ;  54.845708333 ;  39.005611667  
09 11:16:46  ;  54.843156667 ;  39.011728333  
09 11:16:51  ;  54.840603333 ;  39.017845  
09 11:16:56  ;  54.838048333 ;  39.023963333  
09 11:17:01  ;  54.835495 ;  39.030083333  
09 11:17:06  ;  54.832943333 ;  39.036195  
09 11:17:11  ;  54.830388333 ;  39.042298333  
09 11:17:16  ;  54.827833333 ;  39.048393333  
09 11:17:21  ;  54.82528 ;  39.054488333  
09 11:17:26  ;  54.82273 ;  39.060593333  
09 11:17:31  ;  54.820186667 ;  39.066686667  
09 11:17:36  ;  54.817646667 ;  39.072773333  
09 11:17:41  ;  54.815098333 ;  39.078866667  
09 11:17:46  ;  54.812543333 ;  39.08495  
09 11:17:51  ;  54.809981667 ;  39.091026667  
09 11:17:56  ;  54.807425 ;  39.097088333  
09 11:18:01  ;  54.804865 ;  39.10315  
09 11:18:06  ;  54.802308333 ;  39.109223333  
09 11:18:11  ;  54.79976 ;  39.11531  
09 11:18:16  ;  54.797205 ;  39.121405  
09 11:18:21  ;  54.794636667 ;  39.127505  
09 11:18:26  ;  54.792061667 ;  39.133588333  
09 11:18:31  ;  54.789488333 ;  39.139661667  
09 11:18:36  ;  54.786915 ;  39.145738333  
09 11:18:41  ;  54.784293333 ;  39.151786667  
09 11:18:46  ;  54.781626667 ;  39.157791667  
09 11:18:51  ;  54.778975 ;  39.1638  
09 11:18:56  ;  54.77634 ;  39.169808333  
09 11:19:01  ;  54.773716667 ;  39.175826667  
09 11:19:06  ;  54.771083333 ;  39.18187  
09 11:19:11  ;  54.768375 ;  39.18791  
09 11:19:16  ;  54.76545 ;  39.193746667  
09 11:19:21  ;  54.76231 ;  39.199313333  
09 11:19:26  ;  54.758923333 ;  39.204576667  
09 11:19:31  ;  54.755305 ;  39.209456667  
09 11:19:36  ;  54.751478333 ;  39.213945  
09 11:19:41  ;  54.747461667 ;  39.218038333  
09 11:19:46  ;  54.743261667 ;  39.221693333  
09 11:19:51  ;  54.738925 ;  39.224896667  
09 11:19:56  ;  54.734465 ;  39.227668333  
09 11:20:01  ;  54.729896667 ;  39.229965  
09 11:20:06  ;  54.725186667 ;  39.231728333  
09 11:20:11  ;  54.720423333 ;  39.233215  
09 11:20:16  ;  54.715765 ;  39.235398333  
09 11:20:21  ;  54.711316667 ;  39.238653333  
09 11:20:26  ;  54.707211667 ;  39.242983333  
09 11:20:31  ;  54.703801667 ;  39.248676667  
09 11:20:36  ;  54.701381667 ;  39.2558  
09 11:20:41  ;  54.700135 ;  39.26366  
09 11:20:46  ;  54.70006 ;  39.27151  
09 11:20:51  ;  54.701226667 ;  39.279145  
09 11:20:56  ;  54.70352 ;  39.28591  
09 11:21:01  ;  54.706683333 ;  39.291243333  
09 11:21:06  ;  54.710626667 ;  39.29488  
09 11:21:11  ;  54.715023333 ;  39.296918333  
09 11:21:16  ;  54.719538333 ;  39.296768333  
09 11:21:21  ;  54.723841667 ;  39.294348333  
09 11:21:26  ;  54.727685 ;  39.290028333  
09 11:21:31  ;  54.73069 ;  39.283701667  
09 11:21:36  ;  54.733028333 ;  39.276463333  
09 11:21:41  ;  54.735246667 ;  39.269391667  
09 11:21:46  ;  54.73753 ;  39.262443333  
09 11:21:51  ;  54.739953333 ;  39.255658333  
09 11:21:56  ;  54.742496667 ;  39.249023333  
09 11:22:01  ;  54.745068333 ;  39.24244  
09 11:22:06  ;  54.747668333 ;  39.2359  
09 11:22:11  ;  54.750275 ;  39.229368333  
09 11:22:16  ;  54.752873333 ;  39.222826667  
09 11:22:21  ;  54.755461667 ;  39.216271667  
09 11:22:26  ;  54.758053333 ;  39.209716667  
09 11:22:31  ;  54.760641667 ;  39.20317  
09 11:22:36  ;  54.763226667 ;  39.196645  
09 11:22:41  ;  54.765811667 ;  39.190135  
09 11:22:46  ;  54.768435 ;  39.183683333  
09 11:22:51  ;  54.77109 ;  39.177276667  
09 11:22:56  ;  54.773736667 ;  39.170861667  
09 11:23:01  ;  54.776373333 ;  39.164431667  
09 11:23:06  ;  54.778996667 ;  39.157985  
09 11:23:11  ;  54.781615 ;  39.151523333  
09 11:23:16  ;  54.784225 ;  39.145053333  
09 11:23:21  ;  54.786831667 ;  39.138576667  
09 11:23:26  ;  54.789435 ;  39.132098333  
09 11:23:31  ;  54.792033333 ;  39.12562  
09 11:23:36  ;  54.794633333 ;  39.119136667  
09 11:23:41  ;  54.797235 ;  39.112645  
09 11:23:46  ;  54.79984 ;  39.106161667  
09 11:23:51  ;  54.802445 ;  39.09969  
09 11:23:56  ;  54.805045 ;  39.093226667  
09 11:24:01  ;  54.80765 ;  39.086758333  
09 11:24:06  ;  54.810261667 ;  39.080283333  
09 11:24:11  ;  54.812888333 ;  39.073815  
09 11:24:16  ;  54.815511667 ;  39.06736  
09 11:24:21  ;  54.818118333 ;  39.060913333  
09 11:24:26  ;  54.820713333 ;  39.05447  
09 11:24:31  ;  54.823311667 ;  39.048023333  
09 11:24:36  ;  54.825925 ;  39.041585  
09 11:24:41  ;  54.82858 ;  39.035208333  
09 11:24:46  ;  54.83128 ;  39.028906667  
09 11:24:51  ;  54.833976667 ;  39.022613333  
09 11:24:56  ;  54.836656667 ;  39.016311667  
09 11:25:01  ;  54.83932 ;  39.009991667  
09 11:25:06  ;  54.841973333 ;  39.003653333  
09 11:25:11  ;  54.84462 ;  38.997303333  
09 11:25:16  ;  54.847261667 ;  38.990956667  
09 11:25:21  ;  54.8499 ;  38.98461  
09 11:25:26  ;  54.852538333 ;  38.978271667  
09 11:25:31  ;  54.855173333 ;  38.971945  
09 11:25:36  ;  54.85781 ;  38.96563  
09 11:25:41  ;  54.860441667 ;  38.959316667  
09 11:25:46  ;  54.863071667 ;  38.953008333  
09 11:25:51  ;  54.865698333 ;  38.946698333  
09 11:25:56  ;  54.868313333 ;  38.940381667  
09 11:26:01  ;  54.870925 ;  38.934066667  
09 11:26:06  ;  54.873531667 ;  38.927748333  
09 11:26:11  ;  54.876138333 ;  38.92143  
09 11:26:16  ;  54.878748333 ;  38.915121667  
09 11:26:21  ;  54.881356667 ;  38.90882  
09 11:26:26  ;  54.883961667 ;  38.902521667  
09 11:26:31  ;  54.886563333 ;  38.89623  
09 11:26:36  ;  54.889158333 ;  38.88994  
09 11:26:41  ;  54.891763333 ;  38.88366  
09 11:26:46  ;  54.894426667 ;  38.877478333  
09 11:26:51  ;  54.89714 ;  38.871388333  
09 11:26:56  ;  54.899848333 ;  38.865306667  
09 11:27:01  ;  54.902538333 ;  38.859218333  
09 11:27:06  ;  54.905213333 ;  38.853118333  
09 11:27:11  ;  54.907881667 ;  38.846998333  
09 11:27:16  ;  54.91056 ;  38.840875  
09 11:27:21  ;  54.913245 ;  38.834763333  
09 11:27:26  ;  54.915933333 ;  38.828673333  
09 11:27:31  ;  54.918621667 ;  38.822591667  
09 11:27:36  ;  54.92131 ;  38.81651  
09 11:27:41  ;  54.924001667 ;  38.81043  
09 11:27:46  ;  54.926688333 ;  38.804345  
09 11:27:51  ;  54.929371667 ;  38.798248333  
09 11:27:56  ;  54.932051667 ;  38.792151667  
09 11:28:01  ;  54.934733333 ;  38.78605  
09 11:28:06  ;  54.937418333 ;  38.77995  
09 11:28:11  ;  54.940105 ;  38.77385  
09 11:28:16  ;  54.942796667 ;  38.767756667  
09 11:28:21  ;  54.945491667 ;  38.761665  
09 11:28:26  ;  54.948188333 ;  38.755568333  
09 11:28:31  ;  54.950885 ;  38.749455  
09 11:28:36  ;  54.953585 ;  38.74333  
09 11:28:41  ;  54.956288333 ;  38.737206667  
09 11:28:46  ;  54.958995 ;  38.7311  
09 11:28:51  ;  54.9617 ;  38.725011667  
09 11:28:56  ;  54.964405 ;  38.718926667  
09 11:29:01  ;  54.967115 ;  38.712835  
09 11:29:06  ;  54.969823333 ;  38.706735  
09 11:29:11  ;  54.972531667 ;  38.700633333  
09 11:29:16  ;  54.975235 ;  38.69453  
09 11:29:21  ;  54.977936667 ;  38.688431667  
09 11:29:26  ;  54.980635 ;  38.682338333  
09 11:29:31  ;  54.983335 ;  38.676248333  
09 11:29:36  ;  54.986036667 ;  38.670161667  
09 11:29:41  ;  54.988746667 ;  38.66408  
09 11:29:46  ;  54.991476667 ;  38.65801  
09 11:29:51  ;  54.994216667 ;  38.651951667  
09 11:29:56  ;  54.996951667 ;  38.6459  
09 11:30:01  ;  54.99967 ;  38.639848333  
09 11:30:06  ;  55.002378333 ;  38.633788333  
09 11:30:11  ;  55.005081667 ;  38.627726667  
09 11:30:16  ;  55.007786667 ;  38.621668333  
09 11:30:21  ;  55.010491667 ;  38.61562  
09 11:30:26  ;  55.013203333 ;  38.60958  
09 11:30:31  ;  55.015915 ;  38.603543333  
09 11:30:36  ;  55.018621667 ;  38.597503333  
09 11:30:41  ;  55.021318333 ;  38.591455  
09 11:30:46  ;  55.023968333 ;  38.58533  
09 11:30:51  ;  55.026601667 ;  38.57913  
09 11:30:56  ;  55.029231667 ;  38.57293  
09 11:31:01  ;  55.03187 ;  38.566753333  
09 11:31:06  ;  55.034513333 ;  38.560588333  
09 11:31:11  ;  55.037165 ;  38.554446667  
09 11:31:16  ;  55.039816667 ;  38.548321667  
09 11:31:21  ;  55.042461667 ;  38.542208333  
09 11:31:26  ;  55.045098333 ;  38.536095  
09 11:31:31  ;  55.047731667 ;  38.529981667  
09 11:31:36  ;  55.050366667 ;  38.523856667  
09 11:31:41  ;  55.053008333 ;  38.517723333  
09 11:31:46  ;  55.055655 ;  38.511581667  
09 11:31:51  ;  55.058303333 ;  38.505441667  
09 11:31:56  ;  55.060943333 ;  38.499303333  
09 11:32:01  ;  55.063575 ;  38.493163333  
09 11:32:06  ;  55.066195 ;  38.487021667  
09 11:32:11  ;  55.068811667 ;  38.480886667  
09 11:32:16  ;  55.07143 ;  38.474758333  
09 11:32:21  ;  55.074055 ;  38.468636667  
09 11:32:26  ;  55.076678333 ;  38.462516667  
09 11:32:31  ;  55.079296667 ;  38.456398333  
09 11:32:36  ;  55.08191 ;  38.450271667  
09 11:32:41  ;  55.084531667 ;  38.444131667  
09 11:32:46  ;  55.08716 ;  38.437978333  
09 11:32:51  ;  55.089788333 ;  38.431818333  
09 11:32:56  ;  55.092423333 ;  38.425666667  
09 11:33:01  ;  55.095256667 ;  38.419811667  
09 11:33:06  ;  55.098488333 ;  38.414676667  
09 11:33:11  ;  55.102081667 ;  38.410416667  
09 11:33:16  ;  55.105943333 ;  38.407083333  
09 11:33:21  ;  55.110006667 ;  38.404713333  
09 11:33:26  ;  55.114211667 ;  38.40334  
09 11:33:31  ;  55.11847 ;  38.40273  
09 11:33:36  ;  55.12272 ;  38.40229  
09 11:33:41  ;  55.126955 ;  38.401873333  
09 11:33:46  ;  55.131221667 ;  38.401328333  
09 11:33:51  ;  55.135538333 ;  38.400678333  
09 11:33:56  ;  55.139883333 ;  38.399633333  
09 11:34:01  ;  55.144253333 ;  38.39823  
09 11:34:06  ;  55.148673333 ;  38.396705  
09 11:34:11  ;  55.153191667 ;  38.395083333  
09 11:34:16  ;  55.157841667 ;  38.39345  
09 11:34:21  ;  55.162606667 ;  38.391795  
09 11:34:26  ;  55.167476667 ;  38.390126667  
09 11:34:31  ;  55.172446667 ;  38.388441667  
09 11:34:36  ;  55.17752 ;  38.386748333  
09 11:34:41  ;  55.182685 ;  38.385045  
09 11:34:46  ;  55.18793 ;  38.38333  
09 11:34:51  ;  55.19323 ;  38.381568333  
09 11:34:56  ;  55.19857 ;  38.379748333  
09 11:35:01  ;  55.203936667 ;  38.377866667  
09 11:35:06  ;  55.209313333 ;  38.375926667  
09 11:35:11  ;  55.21469 ;  38.37393  
09 11:35:16  ;  55.220056667 ;  38.371903333  
09 11:35:21  ;  55.225418333 ;  38.369871667  
09 11:35:26  ;  55.23076 ;  38.36784  
09 11:35:31  ;  55.23607 ;  38.365811667  
09 11:35:36  ;  55.241373333 ;  38.36388  
09 11:35:41  ;  55.246655 ;  38.361971667  
09 11:35:46  ;  55.251946667 ;  38.36012  
09 11:35:51  ;  55.257283333 ;  38.358708333  
09 11:35:56  ;  55.262705 ;  38.35832  
09 11:36:01  ;  55.268135 ;  38.358948333  
09 11:36:06  ;  55.273528333 ;  38.360708333  
09 11:36:11  ;  55.278801667 ;  38.363521667  
09 11:36:16  ;  55.283885 ;  38.36731  
09 11:36:21  ;  55.288728333 ;  38.371958333  
09 11:36:26  ;  55.2934 ;  38.377088333  
09 11:36:31  ;  55.297996667 ;  38.382371667  
09 11:36:36  ;  55.302416667 ;  38.388071667  
09 11:36:41  ;  55.30673 ;  38.394023333  
09 11:36:46  ;  55.311026667 ;  38.400006667  
09 11:36:51  ;  55.31532 ;  38.405993333  
09 11:36:56  ;  55.319618333 ;  38.411968333  
09 11:37:01  ;  55.323906667 ;  38.417948333  
09 11:37:06  ;  55.328173333 ;  38.423958333  
09 11:37:11  ;  55.332415 ;  38.429986667  
09 11:37:16  ;  55.33663 ;  38.436008333  
09 11:37:21  ;  55.340833333 ;  38.442051667  
09 11:37:26  ;  55.345001667 ;  38.447993333  
09 11:37:31  ;  55.349131667 ;  38.45387  
09 11:37:36  ;  55.353216667 ;  38.459696667  
09 11:37:41  ;  55.357266667 ;  38.465483333  
09 11:37:46  ;  55.361288333 ;  38.47125  
09 11:37:51  ;  55.365296667 ;  38.476995  
09 11:37:56  ;  55.369313333 ;  38.482706667  
09 11:38:01  ;  55.373341667 ;  38.488401667  
09 11:38:06  ;  55.377393333 ;  38.494093333  
09 11:38:11  ;  55.381461667 ;  38.499803333  
09 11:38:16  ;  55.385538333 ;  38.505535  
09 11:38:21  ;  55.389606667 ;  38.511301667  
09 11:38:26  ;  55.393663333 ;  38.517116667  
09 11:38:31  ;  55.397701667 ;  38.522971667  
09 11:38:36  ;  55.402058333 ;  38.528086667  
09 11:38:41  ;  55.406891667 ;  38.531616667  
09 11:38:46  ;  55.41216 ;  38.533495  
09 11:38:51  ;  55.417338333 ;  38.533195  
09 11:38:56  ;  55.422108333 ;  38.53001  
09 11:39:01  ;  55.426196667 ;  38.524463333  
09 11:39:06  ;  55.429535 ;  38.517706667  
09 11:39:11  ;  55.43206 ;  38.509906667  
09 11:39:16  ;  55.433526667 ;  38.501075  
09 11:39:21  ;  55.433531667 ;  38.491263333  
09 11:39:26  ;  55.432295 ;  38.481576667  
09 11:39:31  ;  55.430266667 ;  38.472566667  
09 11:39:36  ;  55.428065 ;  38.463813333  
09 11:39:41  ;  55.425838333 ;  38.455151667  
09 11:39:46  ;  55.423773333 ;  38.446421667  
09 11:39:51  ;  55.422216667 ;  38.43748  
09 11:39:56  ;  55.421493333 ;  38.428403333  
09 11:40:01  ;  55.421933333 ;  38.41944  
09 11:40:06  ;  55.423345 ;  38.411021667  
09 11:40:11  ;  55.425581667 ;  38.403458333  
09 11:40:16  ;  55.42856 ;  38.397085  
09 11:40:21  ;  55.431873333 ;  38.391456667  
09 11:40:26  ;  55.435035 ;  38.386095  
09 11:40:31  ;  55.437701667 ;  38.380746667  
09 11:40:36  ;  55.439933333 ;  38.375076667  
09 11:40:41  ;  55.442005 ;  38.369375  
09 11:40:46  ;  55.444058333 ;  38.363905  
09 11:40:51  ;  55.446098333 ;  38.358953333  
09 11:40:56  ;  55.448043333 ;  38.354463333  
09 11:41:01  ;  55.450095 ;  38.350106667  
09 11:41:06  ;  55.452476667 ;  38.346261667  
09 11:41:11  ;  55.455053333 ;  38.342873333  
09 11:41:16  ;  55.457556667 ;  38.339338333  
09 11:41:21  ;  55.45976 ;  38.335203333  
09 11:41:26  ;  55.46155 ;  38.330443333  
09 11:41:31  ;  55.463201667 ;  38.325601667  
09 11:41:36  ;  55.465013333 ;  38.321133333  
09 11:41:41  ;  55.467076667 ;  38.317183333  
09 11:41:46  ;  55.469256667 ;  38.313745  
09 11:41:51  ;  55.471581667 ;  38.310463333  
09 11:41:56  ;  55.473938333 ;  38.307056667  
09 11:42:01  ;  55.476265 ;  38.303493333  
09 11:42:06  ;  55.478381667 ;  38.299655  
09 11:42:11  ;  55.480203333 ;  38.295538333  
09 11:42:16  ;  55.48179 ;  38.291245  
09 11:42:21  ;  55.483408333 ;  38.287008333  
09 11:42:26  ;  55.48509 ;  38.282805  
09 11:42:31  ;  55.486943333 ;  38.278486667  
09 11:42:36  ;  55.48894 ;  38.274175  
09 11:42:41  ;  55.491081667 ;  38.270035  
09 11:42:46  ;  55.493346667 ;  38.266193333  
09 11:42:51  ;  55.495576667 ;  38.262608333  
09 11:42:56  ;  55.497866667 ;  38.259245  
09 11:43:01  ;  55.500113333 ;  38.255643333  
09 11:43:06  ;  55.502198333 ;  38.251658333  
09 11:43:11  ;  55.504071667 ;  38.247406667  
09 11:43:16  ;  55.50593 ;  38.243213333  
09 11:43:21  ;  55.507833333 ;  38.23915  
09 11:43:26  ;  55.509815 ;  38.235258333  
09 11:43:31  ;  55.511775 ;  38.23133  
09 11:43:36  ;  55.5137 ;  38.227448333  
09 11:43:41  ;  55.515608333 ;  38.22367  
09 11:43:46  ;  55.517505 ;  38.219945  
09 11:43:51  ;  55.519395 ;  38.216216667  
09 11:43:56  ;  55.521233333 ;  38.212466667  
09 11:44:01  ;  55.523031667 ;  38.208816667  
09 11:44:06  ;  55.52484 ;  38.205265  
09 11:44:11  ;  55.526618333 ;  38.201668333  
09 11:44:16  ;  55.528455 ;  38.198066667  
09 11:44:21  ;  55.530278333 ;  38.19449  
09 11:44:26  ;  55.532091667 ;  38.19086  
09 11:44:31  ;  55.53394 ;  38.187291667  
09 11:44:36  ;  55.535735 ;  38.18382  
09 11:44:41  ;  55.537443333 ;  38.180423333  
09 11:44:46  ;  55.53908 ;  38.177175  
09 11:44:51  ;  55.540653333 ;  38.174063333  
09 11:44:56  ;  55.54215 ;  38.171088333  
09 11:45:01  ;  55.543593333 ;  38.168251667  
09 11:45:06  ;  55.544973333 ;  38.1655  
09 11:45:11  ;  55.546303333 ;  38.162841667  
09 11:45:16  ;  55.547588333 ;  38.160276667  
09 11:45:21  ;  55.548841667 ;  38.157786667  
09 11:45:26  ;  55.550066667 ;  38.155368333  
09 11:45:31  ;  55.551213333 ;  38.153081667  
09 11:45:36  ;  55.552205 ;  38.151085  
09 11:45:41  ;  55.553066667 ;  38.149368333  
09 11:45:46  ;  55.553813333 ;  38.147891667  
09 11:45:51  ;  55.554468333 ;  38.146573333  
09 11:45:56  ;  55.555093333 ;  38.145323333  
09 11:46:01  ;  55.55569 ;  38.14412  
09 11:46:06  ;  55.556266667 ;  38.142966667  
09 11:46:11  ;  55.556815 ;  38.141868333  
09 11:46:16  ;  55.557346667 ;  38.140835  
09 11:46:21  ;  55.557848333 ;  38.139848333  
09 11:46:26  ;  55.558326667 ;  38.138903333  
09 11:46:31  ;  55.558781667 ;  38.13799  
09 11:46:36  ;  55.559226667 ;  38.137116667  
09 11:46:41  ;  55.559655 ;  38.136266667  
09 11:46:46  ;  55.560075 ;  38.13544  
09 11:46:51  ;  55.560483333 ;  38.13463  
09 11:46:56  ;  55.560888333 ;  38.133823333  
09 11:47:01  ;  55.561293333 ;  38.133025  
09 11:47:06  ;  55.561693333 ;  38.132233333  
09 11:47:11  ;  55.562075 ;  38.131471667  
09 11:47:16  ;  55.562375 ;  38.130888333  
09 11:47:21  ;  55.56263 ;  38.130381667  
09 11:47:26  ;  55.562851667 ;  38.129958333  
09 11:47:31  ;  55.56304 ;  38.12959  
09 11:47:36  ;  55.563161667 ;  38.129358333  
09 11:47:41  ;  55.563308333 ;  38.129225  
09 11:47:46  ;  55.56348 ;  38.129221667  
09 11:47:51  ;  55.563675 ;  38.129308333  
09 11:47:56  ;  55.56387 ;  38.129431667  
09 11:48:01  ;  55.564043333 ;  38.129553333  
09 11:48:06  ;  55.564208333 ;  38.129666667  
09 11:48:11  ;  55.56438 ;  38.12978  
09 11:48:16  ;  55.564558333 ;  38.129898333  
09 11:48:21  ;  55.564748333 ;  38.13002  
09 11:48:26  ;  55.564958333 ;  38.13015  
09 11:48:31  ;  55.5652 ;  38.130313333  
09 11:48:36  ;  55.565446667 ;  38.130485  
09 11:48:41  ;  55.565643333 ;  38.130606667  
09 11:48:46  ;  55.565836667 ;  38.130721667  
09 11:48:51  ;  55.56602 ;  38.130841667  
09 11:48:56  ;  55.566193333 ;  38.130956667  
09 11:49:01  ;  55.566365 ;  38.131073333  
09 11:49:06  ;  55.566555 ;  38.131191667  
09 11:49:11  ;  55.566751667 ;  38.131283333  
09 11:49:16  ;  55.566936667 ;  38.131375  
09 11:49:21  ;  55.567105 ;  38.131486667  
09 11:49:26  ;  55.567295 ;  38.1316  
09 11:49:31  ;  55.567415 ;  38.131701667  
09 11:49:36  ;  55.56753 ;  38.131808333  
09 11:49:41  ;  55.567613333 ;  38.132  
09 11:49:46  ;  55.567648333 ;  38.132253333  
09 11:49:51  ;  55.567678333 ;  38.132511667  
09 11:49:56  ;  55.567666667 ;  38.132775  
09 11:50:01  ;  55.567658333 ;  38.13306  
09 11:50:06  ;  55.56765 ;  38.133375  
09 11:50:11  ;  55.567635 ;  38.133736667  
09 11:50:16  ;  55.567613333 ;  38.13411  
09 11:50:21  ;  55.567616667 ;  38.1345  
09 11:50:26  ;  55.567606667 ;  38.134885  
09 11:50:31  ;  55.567598333 ;  38.135233333  
09 11:50:36  ;  55.567605 ;  38.13562  
09 11:50:41  ;  55.567621667 ;  38.136063333  
09 11:50:46  ;  55.567618333 ;  38.136541667  
09 11:50:51  ;  55.567628333 ;  38.136966667  
09 11:50:56  ;  55.567625 ;  38.137336667  
09 11:51:01  ;  55.567621667 ;  38.13768  
09 11:51:06  ;  55.567621667 ;  38.138031667  
09 11:51:11  ;  55.567618333 ;  38.138423333  
09 11:51:16  ;  55.56762 ;  38.138765  
09 11:51:21  ;  55.567618333 ;  38.139123333  
09 11:51:26  ;  55.567621667 ;  38.139505  
